19V7vPG6UEv5CAX7pAfMiF4UYJvfsHrZgd,user0000819761807
3Q2wxS3a3Vqa9dKdJmQJzBEeK25EiifE3K,user0000864707117
1HP1J8pi6LQ8oZgKc2xdLJunoGSYvZQfkT,user0000716481414
1Q4QfDnbq5q95svGgXDDx3Mhp5yaLE9tPP,user0001253084375
1DSfZoDTGkvabeegRMvneCtYYeJSf17JPg,user0000385660785
19E5xPGo7jGkiw78ejhpq9XiRdjqh6x2Zh,user0001122901668
1MU2Dc4fQcWvnhkTX2CNs46Z48pLafrA2D,user0000809516702
17YBHwwmEAtvnwiqbeE3t3jZJwGum3kMMM,user0001564004537
18jyCMXfj1qYcuNUZ35qd9o4eXDZuqHVqR,user0000359064715
1JWGAaQskSPcT2kuiEgcMLzrZuGWzCxnu6,user0001373036789
1AGzg5GnLAHmmQG1haepahaArd1fuvic8g,user0000647897947
13t79Z7j4eCqnhiFoty8tSbnjhYRoYwRNx,user0000685624243
1HEHFEwRUQjD6dJJ75iMswrkh6rdxu6Yzb,user0001043613791
1CiNW9ZfpUH4mLdaVLLkfBMGu49LYedZh9,user0000015071621
157LQ2iGmg4CXC1uHMnUVr3agw2PPybXUS,user0000980402239
13b2m1egX1yx2H9okEuKeqxqHJJ1dFw2T1,user0000000265468
1Q3ntMdb7msjoSGV35ciPMaE4kRnyaGuLp,user0001031728547
15feFjuicvPzQv873MpoeQuykrSUXHw3gW,user0000143097704
1JTK5ua6FZVScy4sv7dTZoR8btewoaRT7R,user0001119349774
1PiwPbDqgfXGFz7FqoRjHM45M2Rp7uX3FW,user0000265304410
3G5Y9BdKe2AaogFFAPwkQ5jLMMfNQA34n2,user0001085563568
15rLZpmPVcpHzkeRAsBzJ5H5BM6NFxam7U,user0000324004747
31uREv4rTBrodzHh6JSLcvAMyPNXb1DRLN,user0001429077175
144MibGKDxQw6WkX7qwbzUEVYfqCcK1m6i,user0000501731447
1HffE2k1AvPuPaSgCWRCgJ7poPRQ3bu9LH,user0000110149893
19ZjTtV8KEwbpiSWr7KY53zD8wJ6g2U6YV,user0000075303220
1GF89RiG4UYeHD8SReV6H4chX9FnPgzGMW,user0000502704715
1GMUY7M4PL9K2k5R3Eou6yG6ung1hMY19x,user0000851043505
35Md1qviBaf3MGARvcJhbfnR1H5koi4kYo,user0000973614531
1CN7bE35uVxL7Cmy6iRqs9xdUUA9Nzm5hv,user0001583051965
1E8nLiN5cdqpjh932u7GpEHdD435Yxjc7S,user0000666450594
1LoHCUVk8aYGd52fxHrnUSbVwsnfuejMtG,user0001103040340
1LWWg1Har4dN4vd9iXchjcFVN8uwgQLTfV,user0001574214115
1AoRw6Bu2B86SEvNPxJV5dMVPAvTFVGpmu,user0000091808082
1KevuerkfHhZM6U5i4q1CrkJpkrekiPUTA,user0001120191866
12iJi3AiYuDqP6gR4CkW8h2Wi1c9QAyZPZ,user0001220384689
1JMumptbcjLiTFgbe8RcoBb8fwZBhXAYye,user0001586733544
1PJKYLZDbWBLaH9R8LKygX4Smk445RXhte,user0000561444536
1B89wsm5nWePQyXFHBULXd99EYEKSxFMxs,user0000000265468
3F3CYuiixR4c83yKasXuHWtZTfBs7d9K7z,user0001596358324
1AFQnyBbhEFH14N2NgUYfKoE1YM1uSaJy,user0000007190215
13Za7cbwz3pyHVtD2vHCgHBnMwpV3UGzRa,user0001030673128
3FMg5oa8dmqzM9bS6MKVyB4fF7688SAQkZ,user0001064653701
13EZKBogiwUHQf7Cn4EodXPqTGtD3EWX8T,user0001179232789
3MUGgXaQ7gvCrb8okViUWjNwijBGB3NFtr,user0000926801357
3R2DxbvBij8PP3NY1uCxpEpAqUxjDWcZKi,user0001563364098
1Gk8g1zWNcm7doXpdzsHZshWGzp1i6MoF3,user0001632498077
1CzDFagt37AHSmCXijUWrNe3dTRQ68Z4Wv,user0000288000971
12e8b5oy5Jcj3motWmHuMMxEgyhsUH6e4t,user0000563273508
1L7fnamNVt6N9LGL3XmNb5tGdScHoJT1vz,user0000523663074
14xoPis6CDVKbbKrjAAvdAgtrxz4PGw9hq,user0000245286973
1GUrXmto9onzWWvtWLADUzBB9L1DBdQcoz,user0001366855420
1CEvBTaStXBRFtw1J1u9JCFsr9rzM8Nswe,user0000560258183
18TUR4VtgZTBFEb21H8vPbkmXEZWRrWhcK,user0001370978325
1GYYCw6a6iBMvbDMQZJGEwDWmaGctvsKKj,user0000862060066
1Mz7gJenYaWwpZ75jUjSgPK1o8a5tecgHk,user0001359937610
1B5XnHkyL3pPVnoXmk8gRfjhzHkn6k5zwa,user0000309542124
1PZpumpiHkdPLScFg3h637RQZuEt3abpeb,user0000945219683
1PgweRjaVFh8FhsmvdgHT3zpti4aRqS9Kr,user0001389558241
1CBebaAmqh7N2ZNGMwuJrTJ4hDQPin2LYJ,user0001589093332
3GdY1nJo8b25gvtLQLcoBZeQfV5hkgceHQ,user0001613824549
1C7CEdGsMsazPK1vhP1E2S4PwY1AvJEXd7,user0001572258393
18xnuXNjNQnLKxHvZYuuRHqoffeJ5LQqU4,user0000619629211
1KzctZDPbGSrekZxWd3mKq6w4KR2w7McTM,user0000189293370
1bvWqpq9F9M26dekMT86Ns693HBdf2Fwy,user0001099722210
3JqgwXuxUvcqN5BktmgFESvGXHYjRo4qXH,user0001341615409
1Q8UrVqxCVuNzqvcvUGH3W1iNqW5qDqhtj,user0001097019659
1LDFhSjmU6G1xWmiMRd9kxpAeHJHrzahnp,user0000919222537
1EBx9JJC5a2nXdx8HE7hvTrWgVvD1CcvJY,user0001446176368
15kTRkoV2fVHdSu7zoAd4f1WoLkVscbcAP,user0001171468466
19AX3NCajTLX86n9XVfzrvRVyMqzCyU9Rd,user0001250598954
1EdexVDVrz2961qRhBWB9dzr2SaeSk7BHr,user0000334636127
1GfkYaWu85JWKxsg18tT2u2vtFq9AzNbZ9,user0001466472600
1KfHm3rKqWj2RxMAhrryXypogtAWAbRv22,user0000783647189
1CXY6zT9kQsCwB76pzLvafCo91AyAt8TY3,user0000927683759
13PJvSAZ6pJq399jsGExBAFnPENeYR3vk6,user0000017287082
18aZnvnGtDWCg548nYMhre7sgAwxq6dyD6,user0001021262899
17rK74n2KCrypSRDEBGsKNeGvuQm4NhKNd,user0000523769565
1MkMV86zD5sX1FjuVZBtT75WXZ5W14jBz7,user0001400663395
12jBSTTFYjPZwjJuWyfxXjRmksW779vx9m,user0001125714459
1FLmx5SSb15m5rVKad7SKDm9CCC4P3qEjT,user0001366153756
14rNDAjMNtFCg1jFGZwLBnCh2RWunaYZ1w,user0000000265468
1F7Rhk9NeEwz4ghe6fog81SUyBTiD4bv6S,user0001047604301
1K51T48Wi2Gd8CXftLQqryiJrhZTgsvGbx,user0001625589755
1DGhgr96f9jS5k7tBxBCUgKRBd1QUyYkV9,user0000988213601
1JygjhaJtKu378hsYXdfvpUSStVysjDLYJ,user0000785498097
1L5rEfQU3tFyBy2n3TEgCfiDz2LBockhYF,user0000852916566
1AxqSPqt7DzY2kYzAdCxpza9C9jhoX8zyP,user0000896190742
13pBkWDkvcUn7cVhWaMGemW7u7GMfdJPpD,user0001602719056
15qoDGzPeopYfAzKR668TiNg1hVgJwSbXz,user0000834177924
1PjxrdSr32Px3AGc8Ri8ACm1VBbMi3VRH5,user0000942522186
1FBwK25ynUtzynocQcytfxQZe9S3KfQmZ7,user0001354230054
1Efx47spXA3wn2QPupw2RTjYQufLJwKRty,user0001360961371
1BMYUd1rDi5uX8zasLpHHfMxUmRZLPmZot,user0001301040886
1CtD5ZtRQQjGcuwMzSe82y9MrvXshBQHfe,user0001583411060
12xob7MQVWQkxaAjvxgsvHYkYaGA9oYb1n,user0001038770034
34rgS5RNcvQJGEZsTMZcHMo9GJ2bSvUbvx,user0000000265468
1A7qNHwpzM8ptZpnn3LyiHPBuYn5Zti2QN,user0001345323114
34WPGSNotVV7u4jPt1WMTYJVzPmKRvLHAm,user0001594783650
1CFRk44VVREwJHzoHA1BvwZxmkoRNSHMPH,user0000353659013
12n6JiiTU8LJZfEePtXQzaKML2d4Q4ooW8,user0001073786723
16iiRpS9TKTEuuRxUvKSkonKk8hybrKxDM,user0001198393353
1Lkzi3egB7WBUb4YBuCiZFAohCagDRMDAJ,user0000528570774
1MRK3fX8ujBvR8dRTAVwRkG9ZmDxxZUhGw,user0000946023447
15KTpRtC5q9YzWpkjGZgFfUt5SsHWSr1iP,user0001243484327
18FVJY9Kbk4aSmpBdvpYP3QUzvtMCrj1uM,user0001496471436
3PdbU9iyTf9GKEXqjKEFbawGfVYrEPxKLV,user0001360667299
bc1q09upcaj0yd33lgk5upqy5m4mu4jme3q6nsyafv,user0001609443558
13rLmqDBDv7Pg1mAibkcrZLi25qnLfhcW4,user0000156312494
196NTwGtErLjXnH3XGpZjfDcBJX2ouM2qG,user0001437274396
34vX1GSdVMNTQ7rdbETAoCnYJRYZUPUdTL,user0001604893280
14M5C71jESnXn3f8MkNxZFNSq2ZyLdsGwv,user0000935264007
1JyHcC5DycNAcZ4J7ryVfmYVTbU4KT4Utp,user0000490388089
123i6egCVsGdSv1PupG32BWC7yjrREFxFC,user0000454529010
1P5FxSqGzHX8xBCoijmen5tFNqJXaJod57,user0000626450157
17GVWpsArcs3am5Myefu4eGK4a8NhYM1tf,user0001395750424
1AUQGtnhpC2jK3oWTJqMELKj5Z34wW1zyR,user0000968079798
1FCqtRUUNca86DrL14UVZ74EkLtMh9cabx,user0000424608068
1Jfoeh9rsua4WRWdszGTyMZiEjRA7bJ4Y8,user0001601861425
1MyJqtbf9xik6Y8ZrQhXypNe8Q5gt8Usak,user0001029661280
1FrwHxFNgVf3xUy2ufAuy4yXQ3JVnSLq9W,user0000000265468
1LmDPqAfDKTj4eXQ6DaBmHorks2wq1USSq,user0000000265468
16BNK9q6v15P9g9qz6jvYDpKYf41GqTZbk,user0000666148680
3QuuBKQYagVpPqnHYST2i8gVQUH1Gnzfi6,user0000917542989
1BtKP92YiBKpzAz9u1VyaPZqa76LHAQXa4,user0000918114578
33iyADvaSiPdeXoq3cWSBobGqHr5bnZ8MK,user0000884789473
1647XDLaF8TqesBWHXzw5enWxbHNdsX1NG,user0000672307496
1MyBhP981kEujPHjS5HemKdv3xEQbBhpwz,user0000388292018
1LPBGdAV3pfnB24y7BiCgoQ7A8xhaqtfL,user0000000265468
1Kp1yuBjyd6v2cjXgKJ1XijvSgbwjViYgC,user0000678653694
3FWzCQVCUUzuFdDQbdvRwgWkcwhnW6DMR8,user0000000265468
18AVfmqzMmQBJ5WtnuHCbdZbMAJTEkbXYg,user0000523585969
39XjndA7We3d911FpdyhsWMAvsguBmXqRj,user0000000265468
1KCK57oz8SqYH4M8WNFizXe89pNaJUempx,user0001011464514
1Hcu6sEGgQ7LuT2rwwNCzt77Usnqhi5Kyn,user0000000265468
1FTcdj5ujKMvvBu4BnEAg3PFWmyeBwnAbB,user0001239090915
17hGYbqSh4K5TyLDucPze7nCbtCiynzoWy,user0001239131405
1NDw87VmhyweTL15A1goxVAu92sjGpmM5N,user0000749482581
396v45GsfFjhjXL5RTNk7MFBw36v8ZS5kF,user0001582374488
35ED9ASrbAmdTCmLupKEGnjDx6NU1SComo,user0001355036115
1GLNcahznKnfrcwBdhvrA5AKW9yD9azpXW,user0000834154810
3EHfhpk4n3wJ3pqXFj9mLFgG7pf2dGMJgH,user0000000265468
16Aup6PRa6jyLsumzoA2fGzBTbh43rpXNq,user0001289705227
1MjGAzpAohxk97WnahrGAff1hj3LyjFtcy,user0000067128983
19AqDFNJs1BxyFL6SrrJHjCfg2nD1Gk841,user0000008300534
1EHKHWY42jZjKDr1Qg1Q8hj5VJrJfgsaAr,user0001233823652
1DtH9KoQkL5HnypcJfPnn1ABnAjoo9xYRD,user0000654415070
36MtnApCexArEjJyhJ2a5jE94Gk97sh7sn,user0001629539673
15w3GGrsCHmTgQPbzHHA8c81EH9fiWeHbd,user0001163818699
13vgza2nnY17N6SHojQbTeH52hDDbDXytk,user0001062436203
169w4SMADnsmFTZN9iXvcvmDmgruLapFHT,user0000838416749
1Mh6kXwo32qN84GZrYQRNGT5zRRaWjCw5z,user0000954684619
1HZ24cKvaTnKrSky4hb7viMAeUJYUKCMok,user0001106877085
1CohqUWJfhLjBGpT3K8nnGVysUSaKsg8Ek,user0000044758875
1EGnw6Dxivq1PenEpb1AY6qxmDeRRbxfjF,user0000573080082
398ay9Zu58W8Sev2NVFavKxbfKvf54YT5K,user0001012499805
1NTDqKWw4NiKV9DXLMCqb59rQS477u13LZ,user0001424045584
1FJ7GwxdDcKQ2n9J8CSDo4etve6tqm45FH,user0000000265468
1wLs7CTeS6Z8eHohviLa6P9xso99uo3pZ,user0001233717891
1P5yMSyyGCC4Shq6EnCWEj7b1T4v2iqHbU,user0001161276064
1MttptzyYmnJjH5W5J42o7cNHsSLitgN88,user0001205723563
13WpvAtCGighJEcgf1pGWxcsFNeBYudXVo,user0000000265468
1isDoiWUDtvmXtyJ4m1T8zWkLBPg1Qmem,user0001507835350
3Bpq7offdqFNqNZ8bePWaQqWWksqtgNvSQ,user0001111095482
19BuUgWZo82V395THAUKWqzLBUHykdKbLh,user0001623935137
1Bg66YKuq6wn9ZN3G3BZgEiWdUgttXXrL5,user0000744664890
3LpgwN2svGFSWFq7Mt1hqGverAf9MJHgch,user0001372661787
1JzCKSW8u8q37DEujSAmraVpaa2sEUBygp,user0000538235583
1EjQCHP6sdZE2cBcPC1bjoGcLyf4aS3Wrp,user0000443024262
17uC65UM5EaGdJoR9ASB1G2rVbWKfhTtxs,user0000334342363
1NiLxca15zZxE1Fu1kevtU1cjJTpc1LZvy,user0000000265468
37yaSMv81qwvkruML9R7u4uA9fswW71ng2,user0001585394875
1Kos66VxPJAz8XJ74zLvKF3w1YafQT3pEm,user0000793654205
1KXcxzuEg267e754RrSYRJzNEpUzLa2spF,user0000832986275
15GQ1ahVDswEuJJdHiv8DeJ92bZ3pH1ca2,user0000999319493
1C1Yya2hdGv9mJZ3rZoER9CeCZc2Kk3MxF,user0000624254558
19NSucbjP5irzsT4xfJyfPG4x5rbqZiuBX,user0000101757031
1CSjK4TeSgN4uXLhWG62CFKfQeJ8mgd4cu,user0001289428591
1LLrBUhKUxQsWCDVF9Re7gceVHfpB4g8Yu,user0001490412339
12bFSdMzErvNfku3sJXtcnD4A6BPKFrZrP,user0001013761791
13mxq3CfuQJ1r2g9hmExuJhxhDHT1YQnN6,user0000021177586
1eTouqngsbtt7LSyXbT45G3YYvysWWQwN,user0000980321840
1PvjxXvHuYDemDuqKm1EaEX46dUGZ5mhMq,user0000026862311
19Wep12efbguBdmMMx75xzhcYkCkV7KjrV,user0000000265468
12o3DC5aDviuF1HpsDWprg2zvNchCxW3wj,user0000164557457
1hzZHSYijgGN2AkwmKDzNYgyr4y1nfPVD,user0000976612552
13oUtwzmtYZcGdRE6GiN7vpUbRXqH5s8GA,user0001292089826
15Zv5XuZUndtggwYiDLCfXJmER2RLvPGgH,user0000377047594
3KMDoN48nKczzK7vYAgcxXECJQUyewwW88,user0000994003881
1CxNZihuUDp6Hc5GNzEPjQVeFgthsC5oAy,user0001223744504
1EvRoqxmpaR4F3VdqwZ8b1cPh9bJsEvXpV,user0000080479096
1HKNiJBxh86G8cAdZZDYBAAdZEo6vBjyb,user0000675308454
17Pr4QhQdD6HsPaGuTHZmouUzeX7JY9MgK,user0000000265468
1PcTptq8L3BLi5WUCfKaQ73swSDGgygmna,user0000000265468
1Et2F9ySiJPggVfbUrz1hZ1UacfxAJr8oV,user0000485955850
191FJFcEf9v437pDCWi595jokX79HGV69V,user0000096946594
1AFh9dFD118dNMAuwAqvxSBxp23dMeYSCh,user0000559206979
1A2Hzny4aRpuzJdi64rWhKF6Q9xwVQQFxJ,user0000000265468
1reposeU4uSoTVntHrp72h4pECN6BoMHu,user0000095765717
17ESHDqXNP5JnoGhifLYsvGqbqwZQJ7ryG,user0001549056993
bc1qkykzrve0he5ca3s0k2e5rsn6mcg00rurqyzqvf,user0000000265468
1JJE5FTDXMFPvCQaToi5Qy4Cnq7GmP53m2,user0000294703129
12vDNiDbSSCLMd2iiqU4qRDjkFYCPmAnmm,user0000204426981
1NZktjmJKvnpRakmt11CxZDGTAmtVrhkvi,user0000262071735
16PYA5u962Y4GQ2hjb6QQZC6mpcv4gAShZ,user0000920102439
1ACkuw16A9bFN4RsVi6Lc7WqJ8obAZBqs6,user0000601371350
166MaTnFbLfWZ7ToQJ6wmaTYs7gV7gCUWn,user0001234165398
1H4RaxfVbnmVp4PkTUx5TVFrmY8XQ6EkMS,user0001199034589
1PSNcrLtmVg4kexAcmEbZmssr4bmwe47FT,user0000980182691
1DMF76yiQgwLecTsEEsvymkg5FAkybmcM5,user0001322665770
36tx2eo6RMrWLcjrdvXZah3Z6jJT1UxmMu,user0000990699900
17pF9PqUqPVKsVh5rNyAsC9wxeMwVjZcD5,user0001377954743
3QNYG5jrDBVeVni27fpCq3HNEGPJezEu4V,user0001368676075
1FWchgVUCWtxSJAHdw6M1JY4nC2iUZL9mW,user0001042657966
1GimwAK1pUZCy5H7HRW5XrJde9Y7V2Buux,user0001140260301
1G2QF9CPe7ggSVN31aiUesG2h9v7xAu7C3,user0001049743799
bc1q0xtg5qygz2q46d748gruld6yuu8tjpt83trshw,user0001613694552
1MJz4g7KKoEAGhutdwyXUkDGrf7cjpvHgE,user0001018627807
1AGvyrpGSTyGN4CLU7vqcMBLDSdqxXmjSq,user0000000265468
1Dfp6kVLdo67GEbw2rb4ZT7zLsVzJHdbfz,user0001521717601
14BgiV1PBrq3ftadfjW3KKkhQQi2o6Zr9m,user0000809846950
1KPThmmznA3oXcRdMhkev5hTLruNdG6LuQ,user0001426478560
15AejmfEJrK8ys8JJXEt1Ckz8SaLQ6Ah7e,user0000824800362
12nnT3cjCmWAXn46VaLc1NVK66oHJ7u2FX,user0000411451344
1QEMJ67DCvLTdGWacAqw2L2bddqjpZnZpm,user0001219582184
1F4YtcnADmVyu9x636S34NtSFwASQ7UxWH,user0001466461790
113bNaHDvQcxvkxquBi6PksbVk37ZxJsqT,user0000551729873
1G3gBuh68bCaGaws6q4ey1kU7rsLSHy9We,user0001129029048
1G9FnrnTatzGHEbZw9JtjmKiB3uAuGqodM,user0000308769876
1NdjyApyqwTxQYQgZLXiyvxL3XmdU6wf41,user0001529941652
31oDy3dpbHH2AgXeoiLhypiWy1AfB49avh,user0001553971195
13u4JrcEjKJ64fx6oPwB1MVek5PMLnBuxL,user0000994337173
13wfZ1pM93oKTx69c4LFKY5DFv6Hpemu8v,user0000973522287
1FVSkjBq6iyc1Yajmni9k84wHpjMBkB9R7,user0001245268633
1HdfhMPveMjPZ66KrxAx2iEaK7nj5vKKdK,user0000214675065
3BytRXURu9piRQw98zPyzzB9Cc56yBnDJd,user0001622856239
13FCnmRA3ctSAtc1dnkNrUrTHQ8yb9hujK,user0000000265468
1MF4jQ52Zixg7diuAqBZyqMqDGji6dz73b,user0000635959603
1PFQbBxdsMgk2EVc9doEoASwHNdP6Dee8r,user0001551655987
1MCYWXQiYqQj7g5DiaAzV8u8afeVxCcTXt,user0000288376006
3BB48CjZJ5v5Ch8devysAdxgcaGvKT9HTg,user0001030457794
16xoFUVTYoPb2rrUDBGA6yntyzjNDcvXxf,user0000748034149
1ByBCtuBJiygpAxiykdjYEM7edKPxGpRgN,user0001326889456
17KnaQinVFZgVP4e235PCjCYCLggBjE7tz,user0000847794048
37rMhxjB3PZiBL8uzPvfwZHACCkMzoZDxK,user0001436447858
1Z9MvDKXsHkURnGHxu8Z5E4jhYcpUykBq,user0000189246255
13ngabfQXyp8PsxK2R8qqzT6qajNx3198u,user0000062776587
1MGt5HbxgcELzLCVXsm9ogQr3QD3Ut6TJ1,user0001076753408
1BeBMEEcGvktk9ZP4UmCmsers5Y8iWShkq,user0000126922615
1Cy5hc6H7jY2FGo4ofB9LSwd7ncUYszYAg,user0000616345661
1J9rzzNvsPni1FtN9AEmvayoSufZt6cAue,user0000326684805
1D6kwB18bC25U4X2jfGsbmGXZb4sQBSMwR,user0000037768254
138uqenNPjAHfvSmci1pzcyYkYG23iGpUq,user0000196584348
1KgxC2p6Ra7ugatJ5MEg1RjfmByNc4reGx,user0000366147684
1DvKwEG358Z1Xj6uyiBhtK2KQhFVpuh48q,user0001060859095
13feLDUgy2T6teix24KFiPsXdU6faYSfHp,user0000000265468
1A5WCWHKmvTeeTzjmFz5yhNEAZgNzZfhN3,user0000764040784
15kUMh74c8NpZxyVci7ui5ShrbJb5Zehzx,user0001345404858
16BsexHfDKFhz13EExtRhSSM2BQ5bbjDfp,user0001377674422
1EV5trJSGfEQ8hCuugLVWwyeDDGBAUMocj,user0000064179933
1PRU56R7H7qaghfUQ2xVaHJXGTzUqoXMxj,user0001453878367
3JtGmbTBo85FjQYkYpAirBQLzssQzgsy3r,user0001546604686
1M9W8r7ZbLf8k62yYytdHG2qW6fqW6oSgx,user0001511033328
173nx8LV3X2Eb9zz62rxSCLYYREQcRHaZP,user0000000265468
1CxVVxRXm3wYYPrdLHpxiqEHspxpT6tcBc,user0000065509572
124JH8m7SzaDL1sp7EFobRKwAL8JNWheY3,user0001188111260
3B4wK3c7p4BvzZy1herZJUronhv4biQWJL,user0001101774781
1LcZtto7GCbLPZwTUQF9KdwVxfH2H2JrrH,user0001008331254
1EpavsPWtrd4a4Eo1RRoM2xV2eaEKkLRTN,user0000596718603
1DBFFwwc56SgKgevoJ2azN66SLf6KnhsKf,user0000895535559
1JgauyXJW9ka1Mjx3G5pAPZb6yeKDij39z,user0000928583324
1Bhxw5dqJoD2dr7Cgxxa5dQcyoi2r3Fc28,user0001118651586
12jssKV8qVc7KuT2UUNG77NgEpq2DhZQdA,user0000821581546
12peLg3UFQN5H4HFPSswjiiuNWC4b7n2w8,user0001178132511
1Nnqy7dLJgMW2kQT4oZ5qyug1QhLo7y8en,user0000133080358
1CDi2WbcAVX8EY39shNsNFeCQcVty3T3nt,user0001548875384
1FQJbJPDu3zNLnuj2p76smeQsCwyma83Uw,user0001337776956
17W2hSPmzobqPM3L5Wt9BW1iNc6TZkRgXf,user0000000265468
3Dbs7hSxpBbX4Kw5yYgv1nccm5vRUoAWoy,user0001564691451
13n7yaRkvb4PrQFYuMk2V6dk2t26DUhwX9,user0001257930718
12PwTM2JZfZW3mjJfRXDKxpo8fCSDXRxgr,user0000993419073
12fyLbL3jERrm32UgfcpgNNAMb5yQ7wtGu,user0000974091366
1LhdP53AcgNdJb84JKKd3SFjnGrfvu8eTi,user0001201268309
1HNk6goFm7VnpEFZYqp1qCJFa4MeRETuzr,user0000066774933
3KYRUfhMQhinX6ajRcqLj3smRiLoTfUadY,user0001510683890
1BosUmv6RHTu9aPdBFV4q7RM51Erzcp1p3,user0001265398350
14mjBhXUedukSKnQ7ZyNhdqZtN5zvzSnZ2,user0000890060964
1P7orSQL6YoWGGZpac5tCzjWSm4WvjKpG2,user0001025515530
1Muvp9JMYyTAE6NzEELKxhWc2QZeiTRm4f,user0000686469979
1KnrRWRjSqGgPbPQkChHtUnFDfRepfjh8H,user0000960189509
1Jv2tahv4EmGfJAkptKL9AKjmcofEFT2u8,user0000335417009
1C775hhG1PAnMtqkVgiN2WG6nkKw3UCqTh,user0000025497431
19n8ywGRZAVmAk4F5cPosNGnSXLC6oTzwv,user0000244211109
1JJKJ2rmaFDkfA2VRtADU1Q3Kbrvm3K6YF,user0000089950073
3ExuFjnwHFa594WmJCa1osEHbu5wmzhHCc,user0000533204549
1Mzwuk6n22RAuvfrpuP5KU2BxsoFacKsB4,user0001379490141
3J2cQ5z4MvjozhXKafcTTCAcqgxheFFNZx,user0000843611915
15iwfWNqC3wPePM2fZdzdpHVhYZmiFfbSw,user0000000265468
1N5csetBXmHnSc9dotsemKQ8rtr7Di8kHH,user0001148104994
1BWvgbwzvwNoz1gutN7hk6RwfsXjTg1RSp,user0000922623607
1DViPjJaHZkbULWEt7jF3mMzrYntw9bzU4,user0000773803620
14k9nUb1RLoPZqa8oH4FvCtPyRf8u2u8AP,user0000884770979
186dgB3aSJFW17ehjgSv7iPqv7NVqLo3uY,user0001556964239
177nhKQFidVPxZh7zWN11uXBRZRwXyQRh,user0001269016675
3Gi3dTRMhrj6eoWgHeUpwnC6cmKVS1RsE6,user0000000265468
18A6EsbupoH5a6ES6XyRMCe36pusivZqA4,user0001018525942
1EUxEPuUCQknmkVxnpkqdrUpXcTRjBxJVk,user0001634942727
1NFYCmyP9KPznPAmUfkiXrBDJ7zfY5PQsa,user0000219313656
1NN4nSFtidfnxpxSFkAgorcuDmsvuqToMd,user0000999917461
36ixoa8yfWtCeNNBMeJnnnuDs7gNnYwb8r,user0000975257075
1HP11g9FqqDwnFmSbZGYPvxXGmTPv34FCp,user0000710516831
1NPjeFQkp1YuEmUHZeLQiCCcA9S2PUaX1,user0000738106317
1KyiD4oc4tqYbsGDUjK1yAHT6fPa71ySXD,user0001436503198
1C958AzRs3FrS3Mhgrcmntef9QgH4b2qcm,user0001606089150
1PxxQT1WTQfR2KqsDQiAXub3a9NEJLRdA1,user0000098245134
1MhdtMJXL6XH2iJkCuFwURC6Rjxu86kCkC,user0000524128899
1J81b2TC464kGoHgsfKdqjaKbz8C1X1Gcj,user0000164238817
1gWnUxLaWWgcpXUPi8rDxWJc67Akae8uH,user0001373297041
16Mb83Aqhmd3FbKunK7z4MhuWZZvNhbH5D,user0000000265468
15MJHqdw71FM6szt5mYZEoXaz4bQnuLsLx,user0000261020485
13vN7eXyQMq6APWm3Fje9CgTLXtPkC614M,user0001137873988
1PhnBsJyCY9g1s75NVavipuqoH9G69RcLA,user0000142284119
1Fceksd4a8fy4kw9KTFTXNhxQuwsxk24LY,user0000023893105
1HZVvuaH4EvZuKvYK4j1wXZJ9iHRh9cspT,user0001146545613
1JQ55wvaPtiZgHmPepBEqf7b4ZRZhdHc21,user0000179912559
1isN5BdvLQ4KhKTkeSE83xrmshLuWZKDi,user0001061568387
3GMc97cUvg8PxT2V88nLRgX73iGt3Kvwt3,user0000836973879
1PHyDW42THGbzFwFJcB56kDH14pYFBZejt,user0000603163800
1BMqEJ2hdiy4wmUxTvUffoHP1XMFKafEqc,user0000370229458
1F5NHiy4CgvZpMKKNv6aqeYKzk2xC4qUhy,user0001269160594
18jz6913gxBbYJoEejyPjGVG36sX2ZeCGF,user0001233349862
13hyCNaDGBbHdHxugko6QTAiR5iDPNqCvb,user0000000265468
124M3eKFuJjuaCzaJysM4JSQsScUsnSiQg,user0001193623663
1E2JugJ36Zu11SmHR9VbJZjVPU98ucByUu,user0000156251608
1Dj6ArCwRafMr6aNxfyqhWyfLyHYWJFLKp,user0001000474664
15KHxgPVcJo7Lai8jY4iyz5BvX4BmETE2Y,user0000832511141
1GXJvioyBUTXYQhHsNvZZTyq8GYw5hrdF,user0001563115812
136VG5wdBvtT6frkrpXGXPGGtwTd6c6iL9,user0000723558094
132jXpZCuLuuNMwTUjC76HGiu9wckXpemf,user0000623188556
1NotdVH311ZVxDronzbg4CyBvVRBR1r6jP,user0000967876083
35ttVvctuhLnbjUxuf4wkVm9YmzdjSkh7A,user0000878792602
1FZwffFoz3U8LTSKZ1q3GLegvHfjuFpM3c,user0001495440925
1BL5j5wpJ5NPeTQc62f8BGtkk3DD6YUxLA,user0000688350988
1EeXMPy5WrWpLocyA88R41dJusGrZ8sMk6,user0000963907412
1GNcPB2eqi1Pf2Zwf99bpTCtKZKif2JYxM,user0001108329953
13FebE3a2TueTmNZShDaTLriy1m8PgRRXB,user0000542138203
12r4n5t4715c9rX8bW2eW9sisDsYDuGxKZ,user0000083531911
1KXHsU4XMbcd2saXkd9mYeb6CMjWRQvG4e,user0001286545138
1CYGzgzDcsT3uEwG2Ugyn3sruBJZXcuVx2,user0000000265468
1DpU1o7xJVfmSoKbc6btX7CZwLbtFW7fYn,user0001548382472
1NGbUvKvCsWSP4xA4qiXmsiQduKiSsjg17,user0001123841106
17Afc6RTUrB3EEJd8ZPGPczJPtcJi413kM,user0001363188356
1FBGPXPZgD15gyEy61PKbTE6VaWJLiuFup,user0000884506589
33T15y8JBPNimuQujXjy8R5N9AZr1NBZkK,user0000000265468
1FCqPn7aXW328PWhPc3gPfbS6mji4VUdog,user0000000265468
14pc2h61DthgjtbC79CecpZifN6LE6wcDc,user0000300722646
1DJnvTZj5dcnG2dGWbtZk1mNnZn1tuFFPD,user0000544300302
1CDYun3PWdr1Wk3kgRcwStDhTeG9gxs5S6,user0001289707946
1KjEcTCdUMmPropyBsEWxWB58EVX7Zg554,user0001574670984
1Dyv3JMKtCNLwztWerdE2HVsdFoe2TKXyU,user0001024563490
1DQHkfR9UiMM3YHmTGdtjcHKgyjFYQPfqf,user0000558636342
1CtzeVTRHWzWbcwm4aQ7Thw58XESJ1d4Mk,user0001487848680
1MDSbrpQ4gAqUbTYW5afnaWDwfti7MfGqr,user0000885168197
15YpApaUM2zV5QDbdjvbNSvhCgBWeYFPmt,user0000553239439
1J1TfQtKTJJjmKDW2uSgrqWVorqF8kWdMZ,user0000139320293
1EJ5wKp6zZPEa4eWHDeeEa7ymgDdXY5v3w,user0000000265468
131DbtVfMtB6VE7RuW2ppadTJAvs7L2UEJ,user0000000265468
19KFnfnm9SN79HwFaGSm3mB2SYx4Lqube5,user0001329056637
1Nng96bSADe4mnwxiPQM8kFpFjaPirDNjt,user0000888771820
13ZuvJPnDa2vyoLVpH2rBvD1Jk3drKZjk4,user0001636294603
bc1qkhk3g96jaz0tm2tzcfelwz35g9z5y690wa684q,user0001603883332
17nDzJ5TuyTGy8gftiRN8ZRS3UTskHRUVC,user0001416734127
1KZuSxcmfZDHdcThbZmfXRh7Ciw2HCHYhp,user0000674392141
1KCHGykMidxDNvnsNbjhvNMgw88y1GMUV8,user0000539775681
1PsebRFXFThcUhmjhY6LNzsAQAincAzKTd,user0001346299459
1JAq3meoKt2LmrJ4hDtLMC9oKHBhgKGunS,user0001515520866
1DADRfDfymXq8eREKW6dEXyAJet6BAY935,user0000120382152
1QdqTH2ioqRkeBRb6ZbdA9EFfk8jhvLG2,user0000013033762
1FUx33wTZEVk2Fh7Ty5kMQ1QWMDFBEjBBZ,user0001319940710
19nudA3mE4H8KhLHiYQrPadudBWATUMH6k,user0000712644419
1Gn4ezpdC4k7nr6kBvNYc8zKzRrqk4H858,user0001148079079
1LrUMgssctafvPxvB8ht3kZSv4JjbvTW3B,user0000120288336
19UoP8DshNx5ynXG12yGLH2dkd3TqvYt3z,user0000525312340
1CLvX5KjrvmzUiunoJjAuZHxb4gQzY6mL9,user0000000265468
3E6HNddrRU6uAp9atE4Gc8nDet14CRjMDA,user0001623316778
13b88QFxBrUhokYqqsBJ9bny3Azf98piu4,user0000396443253
1MtyaMpjauEEBgVhtbHfqfkzDzd8dfwoDn,user0000214433168
14P5vEvgDudkXRRVqjcA9zxBULvwPv3LUK,user0001256560802
18P3GqtLCry3GiMVieAXGbCggF5DwssC6Y,user0000399269397
1HY5USEoE1bZRPHEmdV8VL5GZbY2MXGH2q,user0000356060923
146LUXLMp3oHuATyHUyoZKBUC5py7ZBXrm,user0001238658378
1DVrMKGQqTwHERssACb3JPGYBZZMYmLKFC,user0001199166883
1AYNS5j1CW8zQBtYUXTKZNUdfVvFqoMNbQ,user0001545544268
1MpTEeLps1yhCAVd3Wxh5DruXPXPZLVMqd,user0001226232539
1FucDKa2w1vnZUEUxtHaVhQsrpQz8zwamC,user0001116653722
16orNWAoTNyvFXRNqLN1XgyCepx47uDA42,user0000642335490
1GnAyi4uvGwKrCDi98V5Xxg21A4B8ZLM4K,user0001002248029
154diWSX8KdDFTUiLwDNZEFDhgRVK6m6LJ,user0001260517578
1BHxQNrXyGRtvzhhunTs2Zx6E2HeWAmiJu,user0000000265468
35LxYECmkpwcdFRAyKpxsK4wGDeFxLsb88,user0001261635955
172ELXG8L5TxsrNnziF6DiEr47ztPkiy4H,user0000000265468
1CpA4u3R5XYcoV2GsPE6Xf2m52Zu5hGcLw,user0000034928966
115GHoG6Kpsb3SbomVDEn8SeoPg85x9Arc,user0001526226486
1FafwnD3kjsKHxZiTSmZWazRNJHVRbHkP4,user0001408240607
14kC8dAxrsHg2bedV1wJExy8RpsDTNofpA,user0000000265468
13BmcamczFEGbwd2QXBMuJZ8fbPHpfbWyH,user0000000265468
1JNgCEy9E7KZNGx2Y3MA4TuULS7m5FjFn2,user0001014628102
1PU6gw44RwT2rfuAY89zbu3jTyTCnMoaQW,user0001042642805
16sWojtpdAe4mbH7GxnnoBMHEvXqizcyHG,user0000000265468
16r56QDF3aThGSaZapJBh1Sh6PZoyp3Vp5,user0000523691713
1HwJXS9CqrPw29moHxEtDHfPmc2ZS56mBN,user0000894569224
1EPBtDEJiZc9TSyd2ZFFa13YJ9iw82EEJB,user0000000265468
15CGdECuwFcJ9FokybW7qnhsn8i8nkKqGr,user0000381266018
19kStgTwqna9HW6rPHJZyhg3Uv2ZQ7CNgQ,user0001132974145
1EoLRXa2Ve8gWtUsDnePMkzf3udy4XFy2C,user0001426773954
1DyFQmGbULZAdj8mtiqFHrVxAs9e5Z4Kyb,user0000108955228
1A7xupzUXJgzghVCXrLGLHaMfGE2ayyiLs,user0001051290278
1JxF1mskbWENniRX6VtHigBYzWXK549hip,user0000136150178
17TZnM3hMnj1KmjUZ5rRsebDrCQJH3D7zg,user0000215220851
1DWYNgWDHyYutRJVGZ76shJq1xyxffKKPA,user0000985724903
3M6nKEhM8ws2QYfXSzeoB5cA1VuGPwKM3q,user0001627820703
12fGQn92KBRfq9yZddcXuN4s3keiCbbi72,user0000076513716
14HSLhM2nBr9whwut9t3nhZoUDdRk37TiG,user0000096187647
12o6koA7GaUzhYZU5xbS54SthVzq3rczzW,user0001069850583
1Wrnz5fhBqzZrQptGDM41SBSWLw6MtwmG,user0001091791148
1GDe4YzCpDnxTBhd3LH2PVtBAt87YornDc,user0000385493930
15BLuiFdSqTJUfo79ekNvmqJLKfVwU4iHj,user0000919247732
1EDrLkGHE1z3sz2FNZugQ2rpnxUGSW2BD5,user0000448781603
18XxavjC5ia7wvtiC8MdhDGnveGyALtr3W,user0001290442383
1gqo6pMej1ECEJnRGNEDpA2TAgPafAuQC,user0000239433299
1CyG5LgTgoqYnWLWiSvNWZEWAEeAXAprnk,user0001017082765
16ydcHKs5DNHqpGaQsDRjCZYp9MuqR3GSN,user0001055666416
1LzVcGvUZpoGZK4z5tRNgMsuQut866CdwH,user0001091924193
17tBA9YhgH1tAAeWjd15XyejQH3hkN2zY8,user0001057221107
1272Uei7yutSwHZpkgvmZvF1VWy4eshige,user0000520045102
1MVr9FJimhib69YUTHJ4MJxTdxV1VzeATx,user0000612300273
1DnEatziHJTTuUeLjyDq2vF1rRD7LU5bLV,user0001190002520
1M3yhnrbYwprELBSM48ZC1oAFtc9WXTyc,user0001041512999
1HPejFSuSqC8GLkNKjDLrYAmjuEEJTELRv,user0001108100128
1PWMSiEcGRmyfNpu7V3WxUvWtf1L2L3KGC,user0000000265468
39fUsrETQTVWX2R7Rqu9kcs1k7zUrkZfBy,user0000908893082
3K1XAVn8myfiBcNqZyHQM9hp9AadWqpQ4z,user0001630497296
1KKdzV8GCN9eCwAEFg5QMnT8burTFidf3X,user0001063853974
15DEdhWVh2zwSDkupTP22gbJPGnVqF8Fr9,user0000980454115
3Lcet1KF2k81QqNUcQCzT9JYLDTGqbpRMS,user0001088296429
16fgmYBvpNGeSbfP3tuGZc3yAmKQGRq9WH,user0000298709224
162qUQL89Lpc8BRU612zHdYirzVGCpBfHY,user0000018372632
3LWa2PnRy3JGkJzJGEfiURNXp3fi229gsu,user0001566029217
15Z14jjvP7CvCXyVHUALwh9rJQyRDMPCda,user0000596903197
136NXk4XK7xHNNt4BK2MoDg97xuKf2ymZm,user0001528185680
1Eai7Ssap3JWjpLqe2cWdrag4QP9sBsCkb,user0001009369252
1HTALP8Ve4W6RWiK5TiT4nK4oTU9RfquiB,user0000624964380
1S2Yc98enpm4Y4Y9cc7WQtz5yrjTNfVd3,user0000000265468
16Gbv8wKreKkyhoRo939gRUpwni5cBPVEE,user0000734628077
14Uxmk6uDzxQnvsjd6UKnZzmD7CYhtWPv4,user0001047138135
1GrpjG1itJESV6xdVcWjgNZj1ZvXR8Pp7Q,user0000951569365
3MkmZ4KSNXBB12BeDk7gUFMVmaj6KmKKJx,user0001220345704
1ERrGV3iA9Ev8rmjxaLhyntT8zd2bUwZWZ,user0001161436415
1HppevUcTN7wuuyNdi1bnErDNh7NFHZ2co,user0001589091644
14N7E3pkScFSVgxgYDtnjBzEWYxF2sehcv,user0001417582349
171zymuVNUAR3AEaweaU7rE9YQ1NpxamX6,user0000651951380
1CiwhjTFMkds4h1SUhzUHAz41ePNZbqtHs,user0000331147890
32veenXatmHd9PBqXobbmL7Vhrr2PNdsSy,user0000816623568
1D5pg15Yo3B1vocfo7PwpaznXy7Kjd5d5a,user0001089580176
1MUjAgZB9vguZNPJGgT6rNTdtESr6ucYKH,user0000240054253
1E43N8SponPMNCvU7Z3r4ESfxczixyDeMN,user0000523937148
17vqq2gSy7dVaRnJXwB2ApicVNZkfJixUa,user0001376042763
1P3XFxUzXq5HYkB3zZkVvYKyvmFYPDjSrJ,user0000660862357
1NEeZE7cQLKPRc51HSgskPScbJAQMvPmGR,user0000930588943
38PRfFteCoTnSBT9wnfrHTrz6ua82GhSiW,user0000000265468
1NuK78Bxto3XGLAmpsGXshMXYyVEZUdYqT,user0000715816698
1DZhdjSztSe95UrZiQK8zA1reD8smeBFWx,user0001162848513
1QHUaiAw7gJ7TZsjAe1CCR9kj6VU4yJo2z,user0000082994041
39eUzrx6LpFhN9EjrVe8sWdxrPiAyU57df,user0000632104109
16WcMmqCeKuqnQPFi81M8G1nNA1DXN2gAY,user0000999769946
1JGmhx2u32ytnkrcpyy5gsLvtXN1G1VaJk,user0000522817706
1KbJYqah6nHafKL3k1W5Vqd3rhQcEyyR62,user0000120726422
1JhBqpDAb7RXkkuEdqyoy5FF9uKBhr37WK,user0000000265468
18eRC31dwq4BUrEC4YJgNJTivmDrGmwED4,user0001465160027
14TxPSWT1CZKG64dcs2XU2FAgjXLnbYMmA,user0000779529840
31reACFbUaG1v3YtMuYH6Ri8H1fdYnivAx,user0001606082218
1ARnqh2TbcxM3e8R6p29NjwehBUSUWujut,user0001137411407
1E9PJrBXcgjExzKD2r6xmHrh8uVVq4e3k,user0000909464531
1Q9NDbY2Z2FZQ8BWa7c47Vq5ViDjwyve81,user0001127796192
1FaTMU7WFzbhYnnVhZ4aZEewtcX3xB8fvn,user0000776615966
1GULWXYNyze8a4VyD8ppjxwDcKKU2j1E8u,user0001561204191
1D2quf4V7CDJ2n7jWBX9k4SwaRCGiGCubd,user0001069798607
1wWeCN69i4pKsoMiRU3ReAkUSc8UmmvE8,user0000875088213
136BsjUfgnQtsEPviApdwgeL7Xz4Ei4tVi,user0000508837901
1CdSev7dTNu4kP7kPZZp2RF6QKiiLPPWty,user0000871039222
3FDVLTbEykLpYtLkUdNKnWNbDJPS3HUVWJ,user0001561523989
1KS283eFsDBURxCEnBvjiYoBHuRqMHcyBk,user0001598195500
357NCYHGUCUY898isjMVhVjuhQUiX7qN2E,user0001620862298
1PJgkUMqwZ7MamR4tHxFFx3yavERPHE7Ro,user0001356334994
14i2GZV61QAfxKLLE5eXLkjPsUG38EsPLD,user0001591524329
1C3JamXQAion1hpoDj4gQtFq4jNAeXDsJk,user0001199184019
1Kn6TjhHNa4FA1FuM4LK4zNB2oXPz1EAu3,user0001348609012
3JVqAmaD9cVcEHpCzYcGoqy5WeL72hsUo8,user0001169760282
1CXEL9e7ZKZCco7dvjDNdfnUjnwi3iweuv,user0001569754451
1KWVMhevpR3VbmgWTSUuMrFsTTX1zAMFcL,user0000818471114
1Rr86FS8QA8rdSFHU8GanHvcRMJLjMKDT,user0000858417468
19UXakehRvtVvPGQVtGNuXT3hbTeh1a99a,user0000947272460
3BMYDXcHhYrVRVQaK9ajypAXYmF4x5Dtn9,user0001371559960
1C2szA2h1pnfL4f22zUChq2wzNbk11akSL,user0000229604090
1NGKZrjfmrSetF7kx4rAWJYERncQf6FHgE,user0000734488110
3AWyriqMpfcq7ndzx1xBFWbVLNijwWCJ4B,user0000000265468
1CNVjYNQhs2Pr9j8ij3e8tQLW6FAg6HHYZ,user0001566212192
13SoiEzwkerPKdyVoBGRvVcs7i3MEd65KR,user0000005291284
1DuhsF5tGuE51y11L5ajr1MapmL9PkpPZB,user0001487131962
1N1gk97S3siYAGRumBsX8bcR2ZMZyo9ujn,user0000142683015
35P5DgoLGfmY76aYSUiBFgosqjbMTPTYTH,user0001377409340
1MUm3YFSY245PjXJVALdWxHPPt5j4j6R5e,user0001024773856
3DxmsB9f97z3fyu3Z6u61XaMA5gPu3t39A,user0001636476309
1CaDmAwuemiJN97NDcoK1ajt9azkt3ojmE,user0000909967736
1H3NP41XF6KjTqR17vfi3ZV2MXFp95eUUz,user0000827069999
14vYbBkz22gL4jBJWhS5CwK8sE5TneysH9,user0000000265468
1Fey8N3iUduygtaoiLRPW15pdMSZhfDG2S,user0000078449896
1E74xhshszjw58DeXE19SfjxgYVYE9LL83,user0001377899222
16odUDAqoqYJRnVWBzte6LPhp6AjJCRRjM,user0000250129883
3LknxGZgH33XMPNg994vknZua7rcDF7STP,user0001323663883
15KMb1jxg4xYtWybEcsPR7xttf5ateKNze,user0001225457344
15oSY5cNPN8PzSiZ7qGoVQgtwAjFWNQc3q,user0001021327964
3ArDyA17so7NdidVUWKFHMCz4AQsqT8xGy,user0000908572672
1MwvtBrH357o6UfUQyefe94QkHkR8EPdSS,user0000417192539
1HfkCQ9NyGCGMASJYCpFkaDg7Kyv56iJKD,user0000956874267
1EoU3zyW7U8HPi9wQBxLPs7pW1W18ruRBn,user0001144327962
3E8uqGnfGnmtEBAru8qW528ihFrJ4Qtk2n,user0001157053565
1An7t8PGG3SyjpoZbHTEzaREyEmg7cG1NS,user0000181005462
1N4wGuXtPJseoHV3VpzdsR7wSa76FLtNvA,user0000888975594
12mJMDNGLYTTFQANAnuPvEvP81znfmcRMq,user0000289857284
1Hw6LWviDD9Tkr8cqMxTBQNuUytoxT2Wpd,user0000977325270
1PPngg8BNDHeFMmvXrE24ePpQakk4ePccM,user0001464167452
1BXQfuHdQdNDv7VDRPtNB4UxP56yCtsVjQ,user0000000265468
1A2e2MJXb2ogRd5gcJQx1GGcNX7LCezKZr,user0001601104822
141F5LjzvAoqQNPheYMatBh5rv5iFcyhFu,user0000684271904
1Dz62NGEKjLBb2ijr3ZVrXK9Daj7QREJK9,user0001056356802
1HsAsRKypr32pnxVk89U8vdTUsiRv7K92b,user0000875554603
1ErvcxCVd8vpW6F8L5weaNLk7BUSNv7Vzb,user0001045513117
3PjQXcf83Q2nh37BuE8roNi2s2XxNeKjv9,user0001629903582
1EYLjJCaqLpECYvymBGoMD7otvDRcMFrAa,user0000663824129
18sUvmMMbixJwCrWJVcJJgruYqxKs9Tqf9,user0000000265468
1CG2RwPPzh7Npj7CDXEbiY7JrHKcikYBkJ,user0000951992937
1HoVtcDapiZ72gz6JmvWRsn6UP5j234W9c,user0000893091144
1NmP4uPNqvuEiWxwdRmFoHkkxiyY7ySmf8,user0000918539630
1HgWUbwiErrZoaYHzsf1T4GzUssHA3KLqW,user0001359249253
1Cm6k2sJUDkkADmz5fbtKmUFXMa21P8FJ,user0000260623790
13s6T2dNerWoLKwTrC5yf5x7ofdbFNprK2,user0000000265468
1FQ7bViwAX4THQtoCYuAodmDocW3EJjAuD,user0001620416656
1Ntuo3yXzMT9UY7fBZudSWjCpW13awuvP7,user0000642477512
168CV9YbE5R8EsUJLBcwiRgN2cLjemFJH9,user0000615577640
1PkJhP4rtcvadPXx6SLNfKfuvcQn9Ea1Ky,user0000427720862
1J46qSyuxgp8CiuupeCzoVeoXniGYm5ek3,user0000925163137
1JKvkZn9cGvvMRr3p4iJURLgy1z8pyxhWe,user0001064682237
1E1jrVhGhoD2HpVqJ7D8zg8a25WwAWzcvP,user0000813491619
19vMB1KjQJJL64zuixxcyQ7RPr6tjvKqE2,user0001348524231
15KMxtLuSC1v1XDcdwTiuwCuS5UtdKtJxP,user0000685162323
14eLaoS8BS5dB7yuqn3SpezciVMUodAzWZ,user0001184697518
1LpTLVGSxB2XQL49WiFNW671BrVH8hyRH5,user0000983590954
15BUPQj4oV8ui7LbwPvLpk8vgerg3iFGGQ,user0001077997219
1FE3X5qid6VoQT2yQcpSxDc3eAc52TZiLz,user0001574150313
1NmixmnNGcDfgzhJERg4hWX28xPCRKXuZJ,user0000658694351
15TpswiFANMA7vrNrm94m3ijCVRqLVYaXw,user0000703438533
1Dask4Uq3tshvMVtknmNPjuX3hvGLnpP4Q,user0000954556648
122kiXSxw6k9TUiUWXqiYYMRD2q818ZYPD,user0000844623386
1APAFYsWjae179oo1CRm5cVxLaqkGoRzRQ,user0000847995659
18ZrRR2SHkeQ3VGmQeDyPXYfGbmWMvA7Rm,user0000539774646
1NkaWSMViWrxP6S7wiqF7oy95FLP1YFNQW,user0001589639109
194sem9kaY1vBtpAKVspV61EV7qDSMMrwi,user0001497436397
1Hi8raQsPRpGUFkviCJFsaoDohr1W53uqF,user0000885875580
1GHPumiqYM8tcj74YJNPPTApnDPvLssux5,user0000254039418
1Q6GSV7REzVDE78FfD7WdPERBiaEkwrVTR,user0001198737865
1Q894Gz6bQzHZPSxud5TqJstjo6W2kqWVr,user0000936660004
19Wj7AHBorhZJDUGkJzvyVz4sYYRZ8UBMe,user0000000265468
114jMu2pmBKyoqYsEk1FhcQd4YN4e9mvz6,user0001329843414
1BN5CeA4X7AYED6TkrVP4PNMT7gGoTnhD6,user0000897166056
1GASHFULi8FMtDqeNFVAZn4GRLnmHkgKq7,user0000095767645
1KfqpAyopFETDpfF1CDPDkFqabe6EKaaXd,user0001545348767
19dXeo339Ra2zTEnQximLmxEiFESuTjaBK,user0001423447120
19Pk4d4Roqfp2kKLecJqDDjdqtw12uTisS,user0000000265468
1HXLQLeZzkZjYBMA8SgUn6oFybdboQyxL4,user0001363219802
37AYLbFip6YzE2igxonodwQ372nvCprEpQ,user0000000265468
1J3hFq8LofDi8sVxY8SWeQ3tJQe1XqiEUt,user0001041597238
1CSC1dTo1QYpwLj3ruzA4qMxoVu146dRpS,user0000373335591
15FYQHvYpETUqLRiiuJdjWTfGJaQ8C6tY1,user0001202230530
14bFvfMhDwJMFCpCNbsQDMvxafgCoMECFT,user0001173372362
1PsacE19TzAfsPvG5m9DdQGsmQD4Ce8iDz,user0000684336848
1CLmii9b4GaEogd1UpBBZoUSp1Ha4KGX8J,user0000448225708
1Q9ma7M1giWsSqSt1iz1wuTJsNNnuECd55,user0000382426614
15vkrBd3FFmn1g83HnNiVCWabLonZDGTwB,user0001301402666
16bBtLMUUEb2sD2MUzC4vNCPwL9D39TwLG,user0000547502424
15jwX8PRivP9H1d6YTUBvyVgYvNgsuU7px,user0000673813137
184GFsKmi8k5yiA8t6KqVQCe8ss4pNPiex,user0000000265468
16USuPGV5YxXsC9gppNNMeEVHpGwaucDWe,user0000316159004
1P7rwiDQViB1vnNhfLzpvQFqT3DMht4TT7,user0001075636562
17D9L7y6HGTd1B4kDqHrp6LiHNcQu3m8r7,user0000651343372
15kL6aKcKQE9fnRgusUrxxmeJyvrsCgz6i,user0000928245063
1KYPbgFnujGpyKMoEncGKhueT4PQvPDpcU,user0000076777006
1JirbhSj4a19BTi3pd8YCa4q1Cx318KGLy,user0001264149050
1CnnFcocXRrqPL8JrVb4AtD1MVTJkqFtkD,user0001494586910
38VibVJbU3BPfdqB5eL9q2ee9rzxNNSRTb,user0001634667766
3AQC2pTi2pg3zoyjtW7wZJLUYDzWsJiyRv,user0001397516617
191soYkatPBetCgx1zYDiiSpLf4daaeUU5,user0001092623016
bc1q3wfp0c3j5kxry2l7fh63pk83xrqe6upkkyt27q,user0001600736355
1LB9zfhGDPkD344u4ZUzVZLxrcL8hdxpA8,user0001333934524
16LDKL5KsCouggmiJvSLbM5FJ4wkeQbAsG,user0001141760145
1KoTo9C8DZB9MmCXfUxt5BSTt3y6xKiRzR,user0000000265468
1FpgKRrT7smsxomLUYNAdpTtVaJNgbqRvm,user0000062612680
1MdptehqF3oA2acTXnRFkJBdWyakMkgF2X,user0000000265468
1LhYbNvs39YCa7dWwAu98GhfEoAbwF3G7g,user0001178062017
3EJMFUd641nZF199GYwQU13V278k6Avkqd,user0001008707158
146k7Dvz5xksdYMkX8g8Z5hCNun1gyBGr5,user0001187949449
1HCaqJqaHUjqyq68hTpzftEZhANACtaV2k,user0001229874450
1MCC7yy15EkMbHKwmtFx9oRS7yKN4ybYDh,user0001510681405
3LftMWsxnqnhDRh9ntRCQx796PNFEfP6U1,user0000967336140
1CDQmYJQMNhCacCfQZKg7BwkAnbrC4SyDD,user0000850056094
12RtEq9vdCsgLzNKPsCK5jvtmdpbXijofh,user0000584426520
1HnAN1Ds3DsttNRnzE9gsa1LnD4HYEWzzj,user0001121799955
12DejHRka5uUJuUEtR1oUKs99JuiGnmC9n,user0000169338949
1HDAX6t94Jod6ToyjWfrYKowTVe87NZTey,user0001377558104
1E5RC51HFJneutegYYsHJJeTF5ZECCWh3n,user0000835227735
1B6cQ77pkhPPBAQ4e6hd4QRqqHmKck7TDJ,user0000718399705
1JYT59toCUGb3bYvWoqxNdDsdEnMANT8Vd,user0000696554419
1LGTSUs68HKb32w2iGYMnpbEMUzQro9zfi,user0000785798151
15eKxkiiVxTxbb7HrqukeyDrN1XfzcYMrn,user0000662755551
1N3kpBMAT1gDquUbvuRjC3djX9oiQdPqAx,user0001560295439
1CuHen77BMcgLXZ3zzZs2fc2Ticve8mDqn,user0000000004479
1JAFacZDdWQxXJMvsNVwpwwEqdNH8DkQGh,user0000265234749
19Wd8wMVAQRRFK66Pka3eggqJ3DAavPA12,user0000072135228
1HMLew27czYfcMxYPPHs1QYDx5Hq5DpmV1,user0000000265468
1GewmBFhevoksWHUipbxcHM53Sxwize7GX,user0001164444295
16nm5dxmfFVRiKow6vSzxVQFx3kjyHGSed,user0001330870401
1NiJBbXim6DyiGHHvAbpitfypcB3CcdMYs,user0001024946543
1B2mN1Fz5kPCjFNDhe1tf7KBHHFVX7pcqw,user0000876530869
195wzFb1as8HktGVcsjLiH59rxF5s7DkSC,user0000408230148
18fqp3ARZae7cir3EuHPxkA9Y8nA5DVDHx,user0000607931609
14sp5xxE9FXT4Gx5i2yQFifT5kEWgqfed4,user0000691732631
1EXU1xwTWmg7gSkjhdFxKxDNznb9JzUN3A,user0001200947385
1G8ExAGmJourKw2q53wPbczt7SDhAbm5dh,user0000895765501
1zBG2pEH5iaY3YcPFtx9b8BWLrhCNsYGR,user0000034633541
1Hfzwyswhc5U4zYpjRHaMbDHmH4GJWvxwj,user0000958883115
1dTyFR8iXBGonpK6zG2FSfUCZt3WXkX1E,user0001555081914
1JpHpXhtdGPoMMF2hkajVBaSHjkeWh8aTP,user0000396873101
179ccC8UZX5LBUaqbwkWqNRkPHutLc7PLB,user0001075003373
32eRc1vNBnfEngsWxa1bUGkeHqWNnxFwMf,user0001350864181
1661JEyK1XWdYHJBJZ6JSBRMembqh6c8ix,user0001511800958
1GcnZ6y3xvvYASZ51Z9hksJLy7g1VWkKqG,user0001380650475
bc1q0fgdj9j72x5hxsge5tujh0c6nmh4raanf8ym7l,user0001635933605
12UhKMzoVzGdTwHbKVWLPwvK2xDy5WcRrW,user0001439057277
16BwUB9o9n7MFCJWz9FMSsL8FegbztQCNn,user0000979403390
31iiPajfpEsJznvAzkwjDwLmhG2Z5WQVzo,user0001321402799
1GbKbY8n7k2cTdoebkcBXca6bs6apApjgM,user0001617210603
1GjtKEw2rjVJ3JhW5nDT7DJgy4zGBRTV8w,user0000005076368
124j6WnzczDRwHGPMtcwR1YGd2HypDUoPG,user0000972040957
16773AwQ6dj1YuedL1FGUKDGBwuLhsBeup,user0001535270286
14nqw2N89Xu1V4C6QjaMGuDqH3f4XcLNDn,user0000810305925
1JBj3BezKkTkTcg5fZpBRTtAViLpGaunAK,user0001044393263
19URoV4qKYojTMKSr4C146yFRF8XaTp9sa,user0001465809973
1MWN3LXPVLjBmtpFP4WZygt1oTfqjmEsGW,user0000547832273
114kSZ6YxtmzMqoU7JLbQHSb1KppfSrL4j,user0001531063617
1Fsf6GRnHsbfBR4Wmiunm8S1tscgfK6DMg,user0001542815881
1G4aU3rA5ZR5xDaGvC6kSU7Nqk2nMi52iD,user0001514818826
17YLz4wiNKjSUAJKW17AZqSoFagLqatLeW,user0001368868027
1LHWBcU39bpLgh5Cr9QM5BHVLJ6b2pcFQb,user0000312226418
38wdAYeRaDZo2F79CDQQJ6cPPe6uzYHLQH,user0001160359270
bc1qjupu0rny5lzdr7r2l6x55qzlzxgfrj7xcja5nz,user0001635536195
1CLL63pwAS1HYy9jJWQAdMm9qEr1Ptnjri,user0001055412808
1GsWGWPqZfybpmbb9myiNP18zAhyKLrA2F,user0000412368938
1CeNuz74Cp2L9vkLx1myN1HgNgdEev8uAB,user0001408283229
1z8kWqbzSWeK9j4dzJ2iXzL6B8nZgtcQn,user0001426865932
1JtA4STevzbNXHJmL6QLmrVf2bT8xem21U,user0001266742737
1Ep663y17y2VYhXUKn7LuFqH5tVM9VGgFV,user0000999696711
1Dc7cKjTgpwgb2ewbQC3y1WKDekdJVGwCb,user0000636100859
1961xKsjksxddZiBsBpn9aCzdd52g8CiWM,user0000548914847
35C8TUpVG4HELasEQaCY7KcWsxeaNseuLu,user0000760364678
1CiVaSUGDfasJ4jDp6pherT27K6PMYcfTY,user0000257111169
3QaVyzWUJoFP8GMQgyVooLF9wZHGnRP9qo,user0000000265468
1HHYj5nesBHGThYAHw7HHJseQS4tufPik6,user0000164193919
1JdkCj5eFEnXKAs25tCaT2K3tQGn4yTcS5,user0000420674333
3CX8xVW1Kq127t3UJ47kTFRbbGfTAZskCp,user0000000265468
1bp4JfDqEVodunhck8MYvtCSTpofzHrG4,user0000735766744
14jmo7pgKxkJpnqgyz757L9DnG5SKHii13,user0001436536607
1HCXfavCjKCdt84qLjvEix1GfG5Rs7FQvA,user0001252788562
1mPGY6d5UnMETgWv9DKkxZQFRsh7PizVH,user0000528258652
176ZDZDfcPViJqXHCXV5rsXAs52KuKNrcX,user0000000265468
15cQG4C9cx6WncTK3aTv36MVgDbj3C9soW,user0001437694705
1HyTFPG5tMJ45eBtaxcwBgkEHESQzLds7r,user0000005220425
12mo7ydXiovZLc3YoL4jrURKpfHddZhoXX,user0001060376292
3JA4c4mHU8ASSifZM5fnLWh3hFdYbABvab,user0000000265468
1Ed1i8ZyCbqbDvPE792EdXiqmRdBe8s7vf,user0000773212135
1NNwJ2fEFDk3kHh2nmWqTdBNSS6NXgBHaM,user0000956256509
1QF4tLxudKwY4Bqktk1V49GGmeFZbCnzdV,user0000000265468
1Ak83qa4QJ76zYDLYmt4kz5LMQsVNxMb44,user0000009716951
1BtxBYPHi6Puc8pEe6mLTg2NFN7fEyCEx1,user0000874766946
37scs1hnzqBxv5jhsNocHovhr5Jktron7n,user0001062111112
1H8NJHhhmwLTRBpxGRgyRjn8jCouNznkBZ,user0000916201928
1P2ELj8YWSmMSkoxqd9Uh3LKvmR9cudGwm,user0001270864836
1TzjTyN6XtrABFCqg4yoihiMbjEudfLnD,user0000821504975
1CHvYT2bW88gSmsRopJy4gRkZmZ2HgjHHF,user0001611726660
1LT9vkJ6hLf162bjWeHcQQ2VpiTxATeQcN,user0000649667270
1KpoLMTDCFpBtVknDdjLC8dcepuykVRPQ5,user0001087916025
1ApdFQvDYtwbQ7VdQw9FCReVzKG37VJB3L,user0000203547673
1J7AE5HP131JiGTTgGmgDkD7ub7vbpivui,user0000062368507
1GHitEcHx8oF17pJdyEpJEMAvqCg1buKXC,user0001148144464
1P7GRgVRFA4hhVHDTh5Zqvu4mgjU7qaqkm,user0000488504910
1HvapgaWUC6HShXdi75Ln4JhYovunqDVnQ,user0000992357238
1JGMgpVNZ8Pec8ebF8Wxd7f7KrEbwkAvFZ,user0001521703633
3AN5PZEzF6uPDroXBKbf2JR4XnrM4S2pG4,user0000750773366
1PuHMttcszrxQmpbkEgv6uQrdpz72tWrKs,user0001438159476
13UcBTmNwB2P8YixKTFWunqNWiAbFrrybU,user0000882066888
19uiCLr3CwSyXWVBZDyThZWwHcWFD5B7gM,user0000666618193
15XKGG5rpmKL2pbaDRQngSiKD7GuQuwDCG,user0001602597548
13rctgThxGBnKT91PKALqdaFmcpKqUzzR8,user0000976311673
1DPcK9MCHz8DtupASBuhxVMSVbdx2XyC2w,user0001489580817
3HgvMGNZtzk2AQXqzwnjUAqNMWjjpT2wDg,user0001621230503
1JyV3JbC5AsmF2FLSKwHJbUW2Lnm1PxLsK,user0001613432468
1FLoJzAbqcDzPGqNMNKCkoL5SBdxNQR1QT,user0000677734681
1M5bW59kNdefkCn9dvJKaGP6gjNtKWRWmr,user0000318372984
1QELeMyJf6s8PeG6ip6k2rJHhC4UHEob8w,user0001137303153
12QSoHifV38F2X3M3Dk52GLiqWpJmTBovj,user0000749702657
1B4eaRUHZLW1rQUYYdrDtz3LxBRSHEP1Qs,user0000000265468
1Lk9zBvAKR2A8qp8tnQTMfoepsDCPKLpNA,user0000952448152
13QbJhsaVDNueqWTUBzp2nZ5vCwdj4kFGA,user0001264698741
12xNPxML5v5Vf25TEx6MqJ14Nuw7S8h7dp,user0000741328452
17iSLBaWiDMq6GQ4ZcLQmmhWSEtWs62zqB,user0001423935364
1N4hZ13YamtFoJX7TJQGZyY9FUYo6x4kr7,user0001375822583
1HhyqVDQvj7FAuN3UnDpXBRv224R9UtnsK,user0000082194117
13Ja6s4fUAqTCLkUBfMaoUpD5n8FyWesqA,user0000000265468
1KTS9jNTnuGSVyjQRGHGkWnpkZSNNzWXoF,user0000750460104
1NiR5xUryoHyRQM1pW2Rgtfrvo6aJRSAQT,user0001228482294
3NfcVbaD2bx9AFuva7YUfBewHtZ8BSfnH8,user0000000265468
16Zh6uJ8BRt63T2CLfhozdLqBsKTh9tFPn,user0000853688473
3GocP38hwHCUV6DeHqT6CFpCJhFMWWGbgS,user0000832006610
1MJhJ9pCFGoxtWSX487xYtfwqtqZ6tdVJA,user0000000265468
1635DY4W2i1HGJQHoRX3AkdGMMk5GT4myd,user0000805470227
1GhFaDEiAB2TGD46P2PgUPWGM4df37avLR,user0001047659130
18pYAYKC4ZqfbUfRR4bNMrp1keh5DUqSWG,user0000127027566
3Ppitecwg3EKpfGFWVZLtRKoxCUVN5HmKH,user0001582135916
18Ai4rCakP93hR6wDupxkU3fWt5Htmtanx,user0000005943347
1GKHuivcWChbBVhynrwwY14N49qnTzEMK7,user0001122860681
1CsbYG9QFMfipFTi2G6T66RK53t9gXDS5T,user0000947374824
3KBhUbTGPsk13npKHcUD4u264ydZSuwGm6,user0001472154192
17g6ZqfATatFP1rPoXxvnsukk25E9mYGCt,user0000000265468
1DYFiDaKN6e4n3Ha2eNoAf3KhT4w2kUsm9,user0001290321736
1C5csR7JJ914sDqYhQkkbcYAapawx8A5Mw,user0001193905460
1ECMGCDE2LdzaiwbYtCvGf8SrWyoTpXY62,user0000079614901
1HiKitspUq7YvqxNE3UJgnsTtJbSwczWch,user0001370490085
13AHhSHGZHNipi1uy8D6rGVeZ25sxipXfb,user0001440173971
19P7oACWrCqcULt5fVBpHqqaKHES244iVs,user0000876398224
1JDi4BkYbP3qjkoFCvKUdc4ZqNohBzKudT,user0000007237380
3DR1npzBZrxPPDWksKMPC66DUxbmiPLPMT,user0001092760547
1AkCaQ5ddRKhqh8zheNyFMBEzU2XBp6XZk,user0000147064594
1AmZ4rTCRRExBUHr2SQHfrwAM2vtAwtpXT,user0000559709060
167hhWLYwdztyDH6gy3AZWAcFEefZZgV3i,user0001511208307
1MDd3WScTrDhdpP249XXb1KPW8366zhiUi,user0000664425478
1LXDAHUmceBE1g9s9UY8CYn1qki2FfDjNZ,user0000071504725
163k1dnywRXeKbNoxTarboWGbkUBidsTQt,user0000000265468
1HSJmy3tNQVoXFnizJXeGnvE5VCmqRKtR9,user0001494533891
1K76XwQFJxmcXwZ5WYRtpJLGrQurysCjZm,user0000318517837
1MUD5DkxuD7xgmPbn8QgLHAfQ4wLe5v9pb,user0001535446107
1GGz4mVP7wniGFVYMqkQVjdtZjs3F8K8Zt,user0000244187865
1BQMDiyhmjZqzTjz8TYgmVYozWxybnRkYQ,user0000058831811
1GpZJBpjKhXgJT48EgrPRmEpspjLuTLB8E,user0000796988942
1HgMefuK1dGMMYTQYBmNG7T8T2PDGZ66n2,user0000757371083
1BvAGzyXfyKzxvAnRiudBQCw62v9XiWEvL,user0000804398884
3JjGh9aTFnk1jx487QUweM67mhNH28Tf8k,user0001605996807
1JFFwyZ7rRrLb1LDEJJxY8Hz73brpeA2KZ,user0001118249675
1BW8StNtqe1HVAnS9vWQbL2WLM2E5nTFM3,user0001467830212
13A3dn2uXpYLy1ff8vbBWygAp1JoYuetRv,user0000302946638
1F2q2Em1v3uMEuHdvnqn8K9ct6ySPsLQMz,user0000299835343
1JxpVNg8WgNgWrziSPRoYZZbCaB3w5ZJkJ,user0000116363195
13g52zdyhPdsxJ7uUcVS6ZiukqNw6qGr7A,user0000530952783
18bBKqpuQFpJQ7WJQRUeKEYffVje9MVfV1,user0000953341462
1AAkeuxbvjEQSahPjHp6fV1QAoLcHbXawA,user0000796735878
3Bbkz2Ac8mTkvGcpHVTq4NGoJX5XqRxveM,user0001465389309
18kTdoTcaU2saVfFPEM6QEPYgTHB11925D,user0000858485302
1L8V1cq5BiygKgSMNQXZebPHR5zWJMTxGJ,user0001186343661
1HwQRjUpqa6s5WfvYNqyC1onDPBhf7sBGn,user0001390351169
33MhNKtdzxPC9kwqwWmccMpB1t5WU1PRB5,user0001633576592
1DwKadLiR2VqHGtBvJEHS3eXWmg1J2puY6,user0000000265468
1CByqgLFxTwGVtF54JWFuRnam8Eef8TAsh,user0000636939601
1C6oCfoToxc74hJQ9GvxJrb3UGrAK9V1TB,user0000374434429
1MTTzm8vhGXAtFAwJjwAVn7QejT2NFXJXb,user0000847059622
13gRb28m22gyqHczodANB9Gyw7uc7dbbtB,user0001101721627
17vrbNYj45Ufae8FQtRz1rYcxDYmpj5tmE,user0001223030624
1K8Y1uga6XdqQJWvrE79uuwSnwvAUkkyZ7,user0001582492396
1A6Pk6JNaeJKEr8PK2inCmGdyhqKijFXbU,user0001561031083
153BT3VY9nCnvYqByezbVjvzN5nPq6XDQ7,user0001394191968
3MVxC8WKe4S3UTKekjgdazA1s7KjBRRHP8,user0001315830677
348WjjapKd9YSEoWospQMDY5wRqHSLqEag,user0000876354259
18ZLAYzTDNipCdW9P9ScFiebbYtQcLXbZd,user0001103933624
1BS4ypMjgSy68ntejcQqsGU6n6874umWQg,user0000550239279
1PCGZY7Wm1W9NoniuQhaViEv8RxZA4jLCx,user0001377952586
1L8dLfMZ4oPFZo13nQr73PRmUXYJg4dAJq,user0001087303921
1AXy94y3fQUtWyXj95CrHUmpkHvVEt9w8z,user0000980196432
14PhrJg71hiCSt7cXzFUjvD8DdLcKwdEmB,user0000253654697
15aaTi418XXBwEjLagWrtaqyNvhe1EKyvV,user0000797947631
1467piCz7REmapriRN8nBfQ21WkTeWpzeJ,user0001062522369
1JqwbmM9UPBYpzNgj7ara8gikdgKNt8Czz,user0001010443465
3Ct99gnVSVWiixDEgYTvXu4QxEL53cyJT8,user0000000265468
124hLYX4kKoXHogW6DoWn9Qq5Z4zMG5yy9,user0001024409528
1CHFRCYsxkZX7ibtewQPogdt8vTFC96wpu,user0000000265468
18xBKEG9JfBHXEWpnmdqkLMPaBxUQNh5Qr,user0000000265468
18MjhDotMtBPzcwzbtVYEDuJac4BY1nC4X,user0001157694670
1eKo6PnouGaXGKfGkqw2WmtrVUddcUnT3,user0000171270810
1EooMmRtLPxGWsn6KFPVke1zmtHrdPruZ5,user0000156075324
1A5gbeisTfwe6Nmaz1R1vRFRmj2NMQUpKz,user0001167991542
1FhKSN7vTfstSrFjV9r8cnK1dBJr2NCHpX,user0000632720491
12SB5zVEpFsqMiQmv1qZ6tbS5CXrcLDkBu,user0001130792225
1BhiPS7kRhYb4bTS3ZH4xEovGaPkwHKWUK,user0000508386656
16QV39o6BRc4t3jjPJh8dsmKGfHM1LdhvD,user0001274446644
1EdRTbQQepNBreZoejqEsjwF1ib79fFggp,user0001281319102
3D9CRenfJba5AnyV7yHLtfaAoAveLxDrUa,user0000941123575
1FHKiDnWCM7971ahyhqpXBvac66KgfB424,user0000716798231
19GPjdWpNbTbqqRjwGU2MH2KTaLfKMk9Qt,user0000850129141
3Qg7FwZWdkkXNLcoD6rELTfPQz1GVmx6Jn,user0000981696011
1KAXnvFNB7R121FXMEF5yCNDvQaZnhY1sV,user0000956088297
12HL7yLXiDqb3vZeo41Y7ZkcQ1TPKDXuMv,user0001011718820
16MmDDBNXFig3KJsRVaA2oQQ5iSEWa9cPR,user0000791621965
12Xc3pDgm38mzgjCLUGh66E973g7Z2jtNT,user0000994398863
19TxUEyXLhoGo55kXnFL3EzmfPJPK4k2qo,user0001262060973
1C713BBTinXiPzSSB4CENd7eiHzFWmE786,user0000861881851
31moJ9CnJcRHvxcFNnTfmgAzEPwQx4f5XF,user0000000265468
1EoEbSGQAsiaiSwk2cshMrjBeZrrQCKnnR,user0001550279261
3L2Kex484WWx22VvP8nPJ3oWcfBnM7BgL8,user0001576245055
1NL3AgxmyykJq9fgpnXWzcHawNMR68fTHJ,user0001530428020
18JzeEvJL9J8iFqtSTPt51zLVEeNFNZHNB,user0000533275818
13NBsGZEGTVFYFH2KfCWAtGUpciD12QN4n,user0001520672242
32PmYzKGWMs2QvAV8e4B2bBe7WQAUWnjMg,user0001129855745
1HHUuh8a6jxrjFx5UZM6WQtrsGnwjzURxL,user0000000265468
1Dun9LuXFbxtFbCmeGkEfo6nDtf5422wvG,user0000001698687
1H31S6n7d5KSJPNEwPnZt2EX7G9vzfCsRa,user0000416504763
33NBKTTTSQQJabUs1ZHpPiYJaqR424gHNh,user0001399183272
3QmvRZ9YjTjiprTdwhUY9QZVT7saokAnyW,user0000833167618
1PAHwv1VKrtrKiftP6yRhNJ7gcDJhc2uDS,user0000643305761
1EHReAtYKQj6EtSReYmBuw5Awxs1J9SUHg,user0001416753979
16HUqdJ3np62wG8cSU2w5UWv2RWjKvewJP,user0001192178897
12Uz2kb1HFb8C9nCxM4U2dMPCfvtVd4Aai,user0001220585903
3BWw4hvUjsuBMTc5B7XaV9VYmiypGj4hdM,user0001563362849
12edn2Z5cN8hrYxDzqr1eHmvPmgERtft1n,user0000794832755
12nRDfC7NU8KYnVZ1BhgcUVKFZBGY7FSUi,user0000532114273
1Ew4929zfq9xyiXmujwX9tWeGGeuYaUD9z,user0000237112795
1J3CSYAFkWAB8MqzLK4XYBvmLG26oDRhaS,user0001535106552
1Mm9ghczU5p1K674Gk9phxpjqgdMQxWqes,user0000502036214
1bDLyRjBq7iLYZVUBPoZhot1K9BQ285Et,user0000271792111
1EDyxK7ohseFoHEw4ihvKv9jsBqW3PJZAQ,user0000000265468
18dffXdgukL2T5pLBCfkCkphKC4fwNaobp,user0001311908926
1F1cAgbAxbiaWzkYSL4YpeRcDUQFFgngUL,user0001219353222
1Gz7HE2qcy8ztss4TLUrcGv1sWGEimxCi1,user0001167081640
1F2WDFi712XArEHZcte5VCRkv6FUkdgWHR,user0001481396505
1E9SEeBdMjkxC7whukcecQtufRk3whuWV5,user0001062070375
19NXUFjFRXt6sm73MJW1u4pXmmGR8sUgkY,user0001169899193
1K2Y443t6NGrMKmZdKuDgQavZsaoAUWm5r,user0001122608774
1JHDLcfjRWud2SZU7kcJxYB3L2aUpdwPd9,user0001494273456
14a1MRq1LbajKGZmWxpEJVpC4Y6n6Zuk2Q,user0000014428925
1BpwXV5jw6r83abpv7o7sqzVt3KX2bKq3m,user0000709115671
1LrZSg2BYm9yxKmXAwPMaGwPDZkCpTubA2,user0000676179145
13jiuXFfdQAtewh5v8zb58sMVbDafwqriD,user0000000265468
1pVUYgwRqx2bieCZyT3A4Xu7NPXrCwJ4E,user0001145485745
1DXG1EwoZW36JFBBzQMPzJ3LyMx9VcCXKb,user0001620027856
1HwuQkD9TSvDDwX71yCFfMuxHGZYaBTaop,user0001227208422
154xDBYimVdhRtut3FFhJ7Pq2yBzq8foUG,user0000195923042
1te43J9N9gwXBzDmH6FyVVFbp5ZKVB1Ju,user0001448655361
3Q5aVKjxHLPz2cEEv8jUcMqcSsW2XNYwwP,user0001360529246
1832sMRLCSMdYJhnhnAaWw9hs2fMwyjJa7,user0001630499265
1HYD5b4zCnu9uUvCeZLWiBfXs6sfmMqe2F,user0001606555233
1JvQoWLHQnx8wv1DuNyqnV1HNHRTFTJfRD,user0001293395168
32FcmBaJVkoDi36Am8zqANhSr189v4LKLV,user0000547523719
19yAZN8msca26kzKiyuAoUJejzCCsvRMH4,user0001159910001
1JN1Rh26SVN6GYui9HK6PmDEiHXBveKnym,user0001549226880
1AxZc3jAeMsNs5LnfAACVitzLNv6NiCkML,user0001631436736
14QgCLWZww2HcP6WLN7U1fHM9QTv8bN2S3,user0001008202785
1BujwkjJsDi8NpwHZGpwhzeC2KZbQKWo6H,user0001296705552
15TvT1hZnXaJnEW7x8ZKjycacdwXaS5QYv,user0001576321373
1L4SXfZJ9PwXsMtbyD5uC2ygqymKaJ9LSS,user0000857896361
12LWCLSzsS6VsE9jGwfEsieMEuk6xcM6gh,user0001045844842
39BqBQbhSeE3EA2Pf7Pd3PgfiFZ7qeBCD2,user0001223903798
1GpMjepJx2DZy9KKvcCpsHW5ik5MqGWX6a,user0001537223825
1CnMUWxg9TDU66PYBM8oJARkscn4FJLcyJ,user0000373172029
1LPJeWdbN7D1ea3ea85u5GZX3cTibAjj5v,user0000731009581
1BykTCBM5YvE6RZF4YNLxjdYYYGucyGK1a,user0000000265468
1AwpuhxQZqzCbqHYMqwEMjLERJfDxXCJDt,user0000858670771
1Kun5yxhHahPhxbnDLdEMpJYzuFHVKrx6v,user0001387210456
39eQxyojcRFaLGmSY6QPTrfgwFMNKbeBgB,user0001253640491
17hkZHMjibWHHfuzH79nC1hL9GJMshDqBK,user0001107022743
15gdh7DK6bwg6i8wihxSWHqJxihFAKz6Kp,user0000812585026
18VnA8d7UQHH23MrW7paXdqCr4qZQorHZP,user0000745595498
12MSsw98u5qXBA58B6b7gYfDwRFtUDdS2Z,user0001229671548
1GbSVP5Pz54jDqQQBKT9etzLT5tXzhwweq,user0000589780153
3GmSV3EtfEYDWmrYWCt3K1NZmcerUkmcTv,user0001634709082
1LmGBo5CkaTvz45MVgeRNJk8TbmuGCwDaU,user0000546063001
1FotdAoTHbTN2ZGBA4VQ6hADMn6PXjAS6R,user0001181433188
1BGsdPFue6yuVGSzcWQAqeESVitfAUB4Cn,user0001145467463
14s5FoqcFKiorMQfNjkXZALRo3SvnPmbMs,user0000842923369
1HcweNCZE4eDrKECXFkDRaCWYpZJQnpPZS,user0001173866683
1NTXtpQ7CBXnNGkQo5rVWFpib3VJK6CXLg,user0000100479106
136b2UoGEas54dAfUrgh1cdyuzXTd28L4x,user0000629103696
1fj34CJ8M9KkEJQbg6sep6ZX6TXE1bQPN,user0001211900463
12eXYWR3q6V9nciDYV47Jj5H3x6UJSu9jM,user0001022350415
1EVVRoBoDsSfnD2iWMP87fdyhd8366y5f8,user0000000265468
1GDQpJ94UYULMuoZbGiZihp8LLrvHSGbfx,user0001133288680
1QBAjFGwUH84GzctBQrMd9BGzvhWshk6oT,user0000853058949
176JzaNkpxzgPyax3mvAi1YXi6yFgZmc7J,user0000773713319
1P1Q7pdUUt5wTtkjLKrXFWXREEpZpyD75K,user0001371737674
1CrY6o6DUL9kgkAHSSpb1NLVBwYu2g9KXr,user0000000265468
1D93uExka46zX4HZz43fRdQDWM45jaWkSn,user0000000265468
1543pSq36CEDSJtsYABCkrotYupdFkVqdr,user0000806498433
1C9SiwtjUoLjhFQRZCC51KYHSVeJmTX5od,user0000000265468
1P3VWCQMDcA3mxzXJ2ec1vwmtt7amifFfT,user0000059368869
1L43dB26TpRuj36LfThBQeG6aAiK5rcQ3c,user0000918735607
3PYsndifmDRfyvsretpuJYcxyk6RaXFUsh,user0001403890094
3L3ZribSK1GgPG3P1dmv2ryFiVYNGk4s2W,user0001398891011
1CcaKFFTAtxuKQaaKXjfmQRBgftRiBGXwE,user0000237515380
1N4DTUvyQhoLyTNth71HcXwRtVv44s4rcy,user0000077993890
1DDVg1DqX6APVrnzaTZs3UMsgVkgTVFfcH,user0000000265468
1AiUjux6y3QE4r2xDVP98cn6QDSeJKwykb,user0000051703331
bc1q0npym873ye93rku6tl90zmn8vyhen8jkjqv6y7,user0001609773475
1LeKVQmCNctjnpsbWnp5Rj358bLYJe9zHt,user0001223305104
148ppbsxr2QuETQ3cJ9MBpcpnP7AgTYvwS,user0000814449972
15Z6trPpPmRQUHY8XtGFHwNnfT2qyECNnY,user0001415991497
14cDu1VnoEbsGVUpe59xQmh7SNjbPJLVgG,user0000939103635
13rKghUCqSryo3aYNh7cUp8tjWzryF66E5,user0001134876277
3GHwFPu6Yg2qwz5QQCcX6o2R9fNJEBWbZC,user0001510235156
1Q74wsoemuPtNjYboTG7A4KBryeSJZMoJ3,user0000613053795
19weXZpX6yPm2netLyofzE41cdZ47oe2eq,user0001406945436
1FhtckbGdD2YKyBkUrcx3zYJvCZB6fmxnk,user0000001094968
1Fcdtmsyc31DzEErFiSjHDMhHd5CkZKqRF,user0001511541077
1LC1TidnTt5Uxr9xbKmu86wtSjwegZ2GB8,user0000848192917
1LaeGcNkQ6GaYoL5vLFFtrvhcQWvv2LHXJ,user0000154745946
14t1Yb8GSLrabREF6kESez6rxJWAARXrXr,user0001400515077
15SzkdMZwF5puWsHhrKrk31hiUwkEFCNGS,user0001425507686
1PAVt7XBLsH8hR15KcR98vXNowHh1H8mEx,user0000445097914
1623ta2c7LdWu19MkGu6rsdQdnPYW27AaE,user0000653286086
3AEsunPQdi5e1u1wQQ4mtSRBcvKGyBXwGs,user0001110499259
13dEqgrXRhfrXViGqUR4xeQj8QUBgudiF9,user0001452468535
34GkLmMv8yVsmye3BExgUiFbL9qBY5xXEV,user0001601581278
1A5h3r8TTP8jN2Vog4p3pLhNZGGxH13nAn,user0000423952484
1KizbSrR2UPtzqmmobSf2infYCE11tahcM,user0001428143280
12pqkqF5zPp1xUvYdw8nHj6mfYuhHLHWoB,user0000363840128
193uKxkMxuHLF5jzUVdjLxPct57we3hqPB,user0000285621045
1A8D59CpJLEpuDSQxQJ36MT4REzdzSpsQU,user0000975090599
14UdioD8eymhKRYxVDq2ttbDeEPUkfaH1u,user0001551328026
1NDV3hhmmWEQsVpKrkSQ9nEPRu2BCWUPtX,user0000394676396
12R3kPHTvTtkexL8XjkHn2DM1v7CVRg8VT,user0000558146114
1DrxTnVHAJwkav5d1UnSQ8Ti6BWBNENUE,user0000792442564
1H4cUoj7nP54VwqQXvbgwrbwvgsED9MjKq,user0001082031401
1JCJrbwJV5cYehBBjVcSNe1g76cK3Dy2F3,user0000814386276
1NNfGPuLEtDUCtTSoMX5EfQooYhLYiG2C,user0001577465802
121EHwRvzjAV88ifvMuzynH5SW1htjRJ3G,user0000976249147
1kFbF7UMhJnpyQDLYGYsK6z8c7NoFhrLT,user0000000265468
1J9ogBCidjoRP8n3s4YWKrtpic9nx5K4jU,user0001171451783
1C8yv7WjuWbKYNmry9BaydnbMT1sB5bbd,user0001480437281
1JDK45jCbBrGa9XsTY8L7fNJLRkfk7fF3o,user0000044406642
12fLyK1Co9xmT417WRRGhbGz9EE7NobzNv,user0000177238010
165LoME4wDav6uNQpgRAVt5GgBLMLX4Kog,user0001522300893
19DXDPVQTBC4KGj3sQXocREYYQY5dpNGiv,user0000058593835
1CCsi1ZLJW4hpAHbN2wc13LYm4fPH1bbcT,user0000000265468
3CRhxcqKd1tAxzLBL98JTaj74u37jVsEA1,user0001345736766
1CSTTqFkobTxCYHqt7LxMNLcPNQjRYQ9dv,user0001387077388
1PrCtiuqTbvJTyJYpbhBH2mNJsHKuf8XPX,user0000046913627
1L8gz8rYwLKWtpj4kkb8NT54CSpKjx2dXN,user0000729548019
14fHSzvynLDAVZJ5JwkSG9RfY1yZYv5ZFq,user0001021028956
15xRCLgzsE8KgopD7S6zEEnKq7dz2R77fg,user0000030525827
19SAgmujTBmTdUUgeVNsdn4tRM1j83ce2t,user0001070081142
1M4ihrM9mqjdY2dH3GBXuKnCw2gT9JiFBS,user0001627191915
15FbsqyPYSQkSVP5Z58rZBhLUKmyoPqJCJ,user0000709954216
1xApLq3aKHFFyL463B2JxLMx7x2NnUpJC,user0000000265468
1JboRnWYjtt58ACKVi8Caq25mDK2c9x1At,user0000545619718
1LCjY9RkK6xnFK3DfVKeM5jgKCJzzkBR1o,user0001022141659
15BgcbmkYPV3Wfx55JyHm4f4K9RNVkpCg8,user0000830958906
14x9AYUAr7DAcxjTDqDCs8HzzXjXRssfnE,user0000135648803
13ZaavDn8AXFcKpJny1W8pGZtn5Hp4BMfQ,user0000000265468
3DdnmEZ4BW2BgQnEGgbLv7Rb83miUSZ5GR,user0001312562425
14G5NBGFfLHVCHzeBJ39QHS13imPvxMLMy,user0001437349217
19RUatcRdCYCt67RwLHNAqcqngjpgeu9DM,user0000469830727
1EnW8JWuuxYZQKebC6ydfVMB3pToFfVPTS,user0000000265468
1QC4KKz4NH1s4r5TMB4yGmpT8cPiR8oYXW,user0000000265468
1M746oeNfKvUhGtSPaCUdiuydvjJj6Ddqd,user0001552340146
1Mh52zE8mnzshEhMJCQmZ9Bjh32NXpLxEQ,user0000985824798
1L9koH5pt6SRHMoMtD8mhgXLr9EapziNWs,user0000670741941
18GhczbqUdZjEMBvPT7q8FRrxxn3B8WgiN,user0001400013329
1LeWEjjWo86hyFa2tQgKhXPrsG5n71NihK,user0001161187414
1AqjZW2xNkt4DaxAwNrZgeQmB33mZ5xEg2,user0001074811142
1NZ72RfrQatWz8f2gz8CFKZWza3rdv6uZn,user0001075432447
1AcjJ4ME9MNDD5gZoqWKyT1C2EJfKaCsjP,user0001026801157
1ASfcWoAWVKmtVsx1obXHeEB37B4ohPu9K,user0000390382990
1CAsn8wiMZDbWMaq3B7JdFMxcvp5UEHtyU,user0001177138431
15js2cxSZhVh4w5mnPbcDobB9Ux6YYAMee,user0000948171534
15zesakzfHhnGY3u1oL91QywRsbUyzR6SQ,user0000999096660
1C1zyCoVeSvra7jcLpaQc8BscGYsggKdK5,user0001093187651
19uMStn1Q3vomybFUnX71Bt8iEdP8vYnuH,user0000000265468
16v2EcVzHnhAfYVZ2uXUNdiTikgCMTDQUj,user0001203558110
3JoS6zqDExecihjGe2g7y3M5qHavUtr9XL,user0000000265468
1GRL9tAR18i5aUj73CeUeZLZXNSSj3BXH9,user0000000265468
1H3gN25izGyTsGistDBiS6E1atpohvWXhg,user0000768186321
3MJvY1B7xq2CvJfPt8Mw83VSQTXxxZgYTM,user0001248630970
16Y8y1UTRYprgfEHgRcNbpnWfYNKGHPN3y,user0001124634517
15y8w4AgiLAYVwJFhqCo4ZWhzWr6yWwm7S,user0000005526807
1A8pSY4o8kh1MhieC4BAZURwUNFmW8uDTg,user0001605706139
1HYDfaRpSDoxyFXgsePBopP6d7pYAGAc4m,user0000000265468
3BcZgSte3M5PaXcoePD1R7XSnLKfCWXm8W,user0001006459399
1DzY8eyN7bibEdGGS5uxzs9ZABjgFtSBuM,user0001636709966
1LWxkEqMcZ94kkpKphSUQwc1x1iooHefAp,user0000131563703
1M2nS5RECnHH6TsCChLC4iuSuVewpyXiJv,user0000072243752
1J98qfPhJrwXgLBJRzTQcSbrKj9oX2vcNM,user0001351710108
12dcSSxheHriDGqDfjoJhxYurirMMMMvBt,user0000260168823
1ffZK4bq5NTRoq3Vm8whq7Zi6DrG4Ffqe,user0000041998669
1DVPCG5aApSFVtyPKNVCc2gSdPKXSM4NLG,user0000000265468
1EqDZ1wc7PvVtqVJi47hNKJoNXzVrdNzYR,user0000465798885
1HH82eJYVkxkzuFmXgz8Ua1HUjtV4Nh6mX,user0001548910384
1NDpJ1Lb4nKURCKiTdoPCWqidDA9apDo3n,user0000416326518
1MFnrTreKW5DEYGWdKLoWfdUiV4NP7NSNW,user0001573864728
1HXw4qyiVUNwk5wHcZMSdJkPrZTiZ5R1dv,user0000699817324
bc1qza7hq0eafqcsfrlld9c4ugpj6t5dz4ftaw4y0l,user0001634367669
1CA7tmSMdUBjBQoqezcJ2z9P9ezpo2EYu4,user0000412464087
33VJpAgm2igAmjFMpzTQx7fDrFRhgKEqnC,user0000868547100
1nZhVFBnrK98UYvrH2PWs6faZeShTWu7r,user0000840300723
19k1xnMryRtThXqTFWFWxVHaJWa8p5S6F1,user0001527365047
33Tvcu64ipKrJoggPPPjDdfH1KETK1H9VV,user0001080957545
1Kb9SPsAzcDX1JyJbi1U4nfhzFjh96vaWi,user0000519250015
1FeSXdNCsJ3QPj1gZXw223yhaqZghG1Cdj,user0000692198531
39ivBr9dP7QsnxNwzraogbyiX3JEbjMDEJ,user0001535080002
1Lubt99ckjJoZ7bCtUL9anixLbdF2BHCcB,user0001241938084
3FXzEnd7rXtXWp6WxzdEKv3sTNLLa3cwVR,user0001240078767
1Gpeq6AGgtV38MsRtRfUyiipC8tPoiYZmq,user0000918116906
1DUNE3xarmGsSbXWzyiSAmidGjrBJCwE8B,user0001056573763
1Dj6gAWk2miND2Z2KGCa7f23xNESGeSKNZ,user0000676351315
18WRpTT65ukXw8baeUeP32ddgN45xaNHRZ,user0000675297242
1M61U8RjakLpbHvvbxpnCgdiWJiz1RQux4,user0001372299649
1LF2jwDwTgrs7bUmgo2YAP3tQ6gDrnYMmE,user0000000265468
1FSZX6aaB1eY9hYTXogXrhhbUxJPEMn3ok,user0000010751238
1Mur2Uh46ceYZE7fLFqyQWLbJEfrnsFCrv,user0000609375076
3B8xyQqrPpZ7jveTLNkC5zHiSTLvoTwuz1,user0001210685006
1CiepYDCZWP9LbvE6FvyuEBbSw83rUrbQt,user0000743528184
1Ly8MAwqA8scPgAFGxaySHn2LiT18Mgzpn,user0001122338679
3Hv6Kvv95Jf1eBpQWBWBxK4SJA6FucLxbG,user0000916811696
1M6w7WkLgAN6UXasHU1viWa6S2MknK3og8,user0001411780600
1HGUfYK7HnruffdZJa3GStaGjhdd7dU8Rq,user0000458483119
1MsY4DYbVWXk8QSyn1iHMrNND2TYSoWpsV,user0000788894787
1jeWnJwVZVS7ciUSbGNgKimoMSifJqXWy,user0001505673296
1L3zRcEh4kDbEECEi9y8HJ4bZv7bbVfLTZ,user0000895944955
1LLYc8UrcKsDQLk3mu9zwADx1YN35sncYr,user0000780275847
1HgQgvGEaH8d6G9cXwi7JBr2dqVPc667V,user0000724805263
35rwhaufeLstLmkpsgu3CiQJf2jqzksEr1,user0000546736547
1PThpjJvQAob46c9o9TwDHqZVCg49r7cff,user0000906815375
1L6AcNnNABwJd9UASqaBButNo7C3KnPB8N,user0001177931317
1EJzvBpoFfpe2fC4APsnKnPCW5mRtjQ86c,user0001255805196
13P8bvw1zV7S3hT9V9XhVCkApa4boxEUsX,user0000757517744
1NTLqYQpS2JpNecFFJZY78QpQ66s3P7vZt,user0000903459254
13T3Vj4cRAEwv29YciFpULtJYyiyXuz4gk,user0000166456175
1J4gRaqvQgMf7c9otzXo1AjrpgJmhFnzwe,user0000000265468
3DfTAvgXotFLEpvqUWyFAKf7Rprs5BXxmA,user0000000265468
17h2Vy3qTjds5iR6vHk2JFsPzYh5W2i2aj,user0001269861366
1KBgvNRbj6Nx6Jt1vAW3fE3wPUT4SvEyNY,user0000000265468
1DuLBCdMMUGrp1K4YyRzXm9VXhHy9RrwjP,user0000000265468
1MirhgkpUM4kYnXXCqJr8JxrZeZX3aduoh,user0001456126961
1FoKNwfya4F2r8HMFku72V63b3Ddq2XnLj,user0000105824818
18Vp2Ze5K6s8WN7zVaP1pEAoL4BhHxRR6v,user0001546100078
154Q4rmTkAQ4uFSZbNtKAj3yFCuub5DFX6,user0000342751259
14mjyscA9Uy2taKbcwRS5L4D1ihtgrpLZ4,user0001254632929
1BkTyBT2oCHJyPHyMxmGy4MDt4H7boHJZB,user0000442393801
1LJtZm6CKey9FqZ5QtrKCySDaavZ8g1orb,user0000925140654
15rpVb1rqDtWAao5K7uuQTSbWRNCvPXkjj,user0001339054870
1Gig4xN16kaiUs1MsGh12hTWi95X8xsBWT,user0000776826822
12Hro6i8WXHHSXuBSHka7EDBkwcPKTUM9V,user0001032556916
15LKbWBWXTRgJv8yXpsFjMZ9yJMPF4V6pk,user0000000265468
1LzWXeY5KuWfyydXvBhUbEAUWDLmVFuTsW,user0000739315321
1BNGTQgsDuiCMfESDWVvW9e2HQT9XNBCYj,user0001206705824
398xFNDbi49WcYvRmFe2qmhXptTsdn5NdH,user0001105104795
1EWUi36CtNq5q2U6xiBUJXE3u6f7Nm5bgU,user0000485908211
157GGQX53vkAXTpeUMjATU8ge63jPUN9CU,user0001601391823
1BbRdifFnDEq7qSqhXodRnzbMcNJ4Kettf,user0000000265468
1NQee9VgAmEvQCMeBcdGJyStnfjsWo3i7D,user0000288267145
1JwqvfEEZAbuLDZoAGVEHXKpV25e6KidEk,user0001256338579
1BAYZ8FZYCkKv4DT953nv4HaPRsPJBgs2A,user0001159509928
16zN4jKsBth9hpBQBznyaMg6Y2ZzU7udXd,user0000634770034
1L3RrWR6CfdtcqR6BQ2LdNkZNNrGv3gJsL,user0001106540802
1Lc11jpUrAGXzWaHiS9YJ4X2PBHUMyPX4H,user0000980742804
1KaNwWdRURP8s5Urvt5FkcFTSbCopZtNML,user0000000265468
34oKhtDrFQSJMP1B4NoAjgUXS5B1MQzhGH,user0000000265468
1LLZzqVTh41HNuKnkpEV1W7DPaQn7kYWCq,user0000108065707
1MVEzmrxS9AcFUWDUbKVK1egYxrzv1BQaK,user0000717374105
1E7zvb7BFj542ocXXW4AkrzVBbK6j7UZix,user0001608795023
18bNtkfbMqv4VhK1432HAux64cRVoejK11,user0001290811548
1M9dwUH7zFbYFLxRJYFEDmYcGBM3CUNseP,user0000920645331
1LEhwgJTUxqRKawyaCZc48vCCycaWtRvZD,user0001548317551
1CSDGFDJitbG78AwD7BU4dnxvrdFivmERH,user0001359171767
12YACrEgpwwZEy1zpjPDaRtQ35ZEQfzw4N,user0001000288456
37kdeJicSND5R2sTA1r6KZir5pKQKX6Zns,user0001559632317
1MNEDES2XkSSfWbGkQ77Gwav7EC9yCMsa7,user0001076032365
1FP9BapTLHZXZDoNQs1WEtFyxX6sjLjn5v,user0000656180013
19kFQYzpdGmoDukXXuWsc4ovES6V8A9DeR,user0000764166814
1MaRthamJB1CutWqtXnAWXqkFomGgnrGpp,user0000005573072
1KZbYraHVU5FkeX5zd2EoJdYiqf7vxhssm,user0001323158447
1KfytbeeiEHoiePxNxmnnKSSySunmrZyDg,user0000009443993
14iJujJyrR4p8L3NsemqY3ksm7fpBqUQUq,user0001079929268
1NYVXgApHL3VXN5sHgaEMLE3GaKsj68VsG,user0000280728039
1PE17TRPhW47Geuug1WjYyReTsjK6kqKto,user0000508603948
19HCdiHDsTQm9CzPPmuxU48rUvHKTVAcoc,user0001199967888
1BcUhVGRGaiZdFv4gonXXLZxUjpv1epgx9,user0000000265468
13CyHKcjf6XNaTRVbq4M3CDxQPq1n2f5S8,user0000069281584
1JwejSgxJ3pngC12R6Ygb2wsGC36T5k2Vy,user0000334474787
17e2dEnmVz45TKz5syJBbF4TLijuxT8Mxx,user0001329518972
12JGxfeGdYuvhFJipTcddQW94AVCWoWbFj,user0000870109433
1ehEvB6kLsL2JMHXSFtFYyfBn699rNJeP,user0000252464644
1KsLSUoQFZyi31oXngA7mUXkQKawyyGUd,user0000034053468
1MBQeyJ4WGmdP5i5X87c4CzttRai8DSp5s,user0001142618092
12iRRDSqxfioWMxPZfQmQzaTjsVV1XzYav,user0000619438501
1985gpZLvuvgSaQ7PcmRBd7ZmVdHmEV5jh,user0000000265468
14zpgjHQ33TKKw1hf2ePLoAYAkMQsdrTdZ,user0000120593412
1JjasG1MugQZR8CmNMurNE5YKJhaKXMvxw,user0000975207849
15PiCy1aDSc9zVb9iL3LqSrDGhQeCEQArb,user0001243885719
1L3gRnHLsQ8BrnYAEnqG3emHUoUNQZf1Aa,user0001034275606
3DyzJCFrgyDyH9x65n85Ja3FcQmamQLF8w,user0001205486069
1AQoxf2YBpuiUCwGP3SXaEDhhNzqVRvYFr,user0001450935121
1LCrzXDtL2i4EXNVHDjSPTKu9vpqsfRJtR,user0001002610728
14rsfsGqm9sPHf5LYjVpQc1LJ3aqZZ14DT,user0000764608292
1ELHoUc8CN4fJgoBGt3ytP5zHb2TwNF4ur,user0000465330173
12QyMH6dkbo8h8gpnLGMCABM3tggXvyLfy,user0000819981639
1LBk386RfiqorVcTMhXKeiRvJJ9Dwoe9vi,user0000360720905
36pBKFFbs7sYm5sc6hEqsaYUpZ2hFQgrFt,user0001262547957
1BdrM2cM5tMfTScKD3sPAP9nF5tjecaEde,user0001618656100
1DuM72UFLhto6WwXkazAsjyWqewxAaAvWr,user0001385461932
1KAZcfQsLdwLcKhVZmjCXkyqtRng5S7fip,user0001246208545
1JYKF7AP9sFWguHXQJohu9e3pv4jE3bE3G,user0000916304319
1DYQx7Ee3uvUoJfU6jpLAsdKcUqYyM6X28,user0000797070390
13nAZnSgoe85SBXgDZcQ1CLfoU9whuHDh4,user0001191539544
136BaW7b7x8e195x2hhjYZoSnZLunSnwAb,user0000871717864
1N5jvagLedRP5RJip7DETx8RQAJ2FomG2A,user0000108779838
1HbKrPGAaKE7htredPVkXHUhRmwHErvcUp,user0000134935636
1KNjpvaNKFiHNQJ4D8hppApDAsbE11TXuH,user0000977468492
149XvsVtspoeAHmaFrJ342fM4o5bBv1rvG,user0001604745022
15P9fGnzvZ8zgFigHU1aavpcB1Z43HxrPp,user0000000265468
1NNjdptUX9phVwN6A4GsfmAZmDhZ4h78Xx,user0000773468281
15KMTUKnx47ECQA4jKCCgGiHVMSRNo56Rk,user0000000265468
1NELiUSFobynY2rwwhLX3s77mfktWzSTBM,user0000981685214
1PnfzWUmhZJL36X8b1uAxoF1xQKkEgoQAf,user0001370004760
1CVcvyr2XUXBCzHB6bEREBCFxrJzJf9DWW,user0000392180464
1JJyJAZnXqneKZHSqxZW3Jmv6UXDxmhXqE,user0000000265468
3QneXQ8fuRKVMYPRHhFtyUC2RJzRE9Medp,user0001231801655
3PQ9iGrAcrxsMTdYQ7x8tooYwqo1yqxURP,user0000000265468
1N9HpvFCToc68dmf7SECfM9absikrktUj3,user0001176112934
17gT9pHKmjptetnsrqiDe1X25ETG8BzU3g,user0000111097568
1T5g2x9JaDyEoKmuAKYkHCAm7Uapo45y6,user0000175496437
1Hf3c9C3N58YFryAm5DcyXxQYw6XwiShsF,user0000892970114
1AMsPYqqzeQ1wzLo6VgBMwjNBVts6yP9vD,user0001510686816
1DzUQnQ84pX8AyZiG3MuSfNhBeUsTmYP2o,user0001594513633
1MF5FrYmVaVX2qKY7x2CrfWT6V2evoWzQH,user0000636057498
1KfSaDmMaptGZEBifahuLZS3NRnQh3ALeh,user0001204436447
33p9nmUpBg2FqvtQpz6VQ2fWYuAP5oSEYt,user0001513484488
15yDP5LrEfMi2GKz1JUNZNgYs4mjd1WdBu,user0001396593536
3MqJS8sWepPRMoNbvhUZa1CPGi92pNHki4,user0001319569613
39dsNmR13Fi93gVzEZPDEmChvxp3fkV5Qa,user0001604858106
1FkjXW3QzmzWxWj1GmrqkT8MycjZ48cMQs,user0000769454428
3B83dRC8rEM83UJLBygmPgQzEaFJukEsd4,user0001433335028
1D7HCnWfdAEiVFY46aA4dA6FmTBnWNsuNa,user0000978796978
17H4pF5FGbhBkyMSE5KXxJz84VU96APV5T,user0000637036974
12L73FYoRtP5AvGC8xgmF7njvc1RorMjZH,user0000062731129
1KKVgJkeqhkvQiHkUV33nf8FAij6dDStgV,user0001305270710
1KwN5zyDyyjp6FNxAqnv52fNxqfpuxJUkn,user0000995382528
12FpGgLxWZaAJ8tsVLjphVgzcRuEC7fJTY,user0001199956491
17Rn12gcit8s1mD86vXuynSZtEV75XabfJ,user0001247193629
3QTwWArHKB9EJmPYXZanMtypzYoCS3T3ns,user0001239817408
1KoCzbBpNhKzvtYekakFRVwaB8uTbupuUo,user0000932022765
19P7opRyY45zEq7dW2kujggKvtdCU39XXx,user0001259034075
125fvyqNM2GH1PpG2mLLGijScPy9oSHHBi,user0001081924798
1HD6KDJ7BdN6PtStDrCWKWwPcaJpzKeK1t,user0000178661127
121QBCtbYgqXkqtyVjUDu5eFtUAoCBcjmC,user0000977073520
1QDLvkM65uHQfSXkRhhMs3c2RMVJoPNDk7,user0001049897373
14pHS3RL2SRk9pGJCJD5mhvFS7oeU7MbaE,user0001345954123
1DLieyKeRrFXgxzCs9Suqu8EwLPmQQTyYu,user0000723520146
1PPaha2ztyit4MecYHitoLN6UzsAa2Auyd,user0000732860902
1Dtt21aPaNd9aiFTWrcH872sADhFriEmza,user0000065260986
1PfuhYU6uEWw6WD42DuFEcDXGAEyKuEz4W,user0000000265468
1JMEbgaiCHhjbSZHVMyGgjV8iRqeLZruH6,user0000000265468
1GYVNdSvEWvZCg2QUSPR4DhFb6NLC52gr7,user0000616300654
3QGmM5zkpEwAgjGBccDLwJp4fEgJHLSwzV,user0000884160467
1MErZYDKC8HDV1K2kEVEZ4AFo8wWdFd2Hd,user0001026678808
16hUyT6Rab3DSSdxc8XiuZ7q1xknjNZ1Ad,user0000620200609
17J6eRhErwhfQq2g4WAgLMERJa4dCsv6qK,user0000797603873
1CH56ehSxod8dqxpFfxKUSHUz9iiyrGFha,user0001024374343
1MPpTxTcYJ4sZF49KVAXhySbdvcnMb9adD,user0001127171383
1GZfJ3dxr4EtcJUbBkBHCbmTEqcDLJ1wL6,user0000294264255
17tRa7srRnU21aYFugjscVpZvYwLoEwdNo,user0000948547695
17cLPt1EvjW6GY58QZ9s7TuaZUFe9N74n7,user0000542099931
14t2eF7jVwr2gCZakMvyFtyAQd1M1tVbj9,user0001407606922
1MEd5FrSoaDHYLvJah3NCYvrziqCsdv26b,user0000185609128
1KpPiu7foCFJrv1sMrjB2E8KtjCeN6mj31,user0001138373130
19ETLZb5ZpZZp1tWeAnt7qM9YXGSZEDZBf,user0001178264976
1Nct2vzbfFRHdoGDgp3ppwBLFbvegugpv8,user0000000265468
12MZ2v8HffXej8UgRPrvh1i7H3cBoseTe5,user0000631664550
39aJJNbAny6hN3rKX76XmBNF17jmNTtDpP,user0001370479991
1FW6s3zjFrVUV8CgvMeUMSSXcWcyNeFqvZ,user0000440340064
3KCvHvXPG2yi8GghPuQKMCLHMAp7zRfUuZ,user0001384737931
12pw6PWEvMNZe3JBpELsa3pvHYvhCkQ22m,user0000032653643
1JLXSq2WETddhAQ5sJ5AEf9xv95tBeJrAs,user0001538330745
14dKhtU1avixm7Dfnd2gbzxbjxgPEk6Pnt,user0000995380900
1B3vyG6to1kf56LTjDembRTcvU362YfCEo,user0000486626506
1EjAZsbmgDN4KV9gUKG726bErMwDR4tst7,user0001326764813
1Lv8YDMEXCPVz9eeMtEcC48tg4Xp57SnTV,user0000332126817
1BH7UMERWAoaNT9kiZN9YVEsfEBeAduCQe,user0000954995684
19S1WPrR1VL2JVXMqAdVBGBQyqux79nSQF,user0000899987883
1CLzdX68j3XAKShsVVbL9CizQvqAtWGBBr,user0000114511686
1HPvv47T5Wemt6X2iCd8gKeAWqbsgpeCeu,user0000828414917
1JMrpKPpHmPCFXeQXEVyg7tR3r78nNPti4,user0000601506199
16SzWRe4EDssNh7ZMNy9ektQH3nwAmoAmi,user0000810437028
1HZ9k5ckdMU5LuCVdRzMrNDJTapmxQCbsS,user0000000265468
166vvp8FUjuxUHQXSQAqeG8BNmtLksAoeS,user0000484145761
1ACjELW5kXPhjQjUN6UCAieGsr57xYBDMR,user0001039844989
1EsWSpgrvo4HT8ZzHtyYCEJYFejufvcTT4,user0000583677728
18aPb4BWr2cS9vvjo6sJtv5yS9b5eyfs8p,user0000728623147
1CbrCgH89Ag5gSUsHnhk1MrrQzzbV3TBVc,user0000933004384
1K8qc3FqmfTkhdbEu5e27KxVS1fhYbWYUy,user0001108821577
1LK5kSdkvQvj6mAwuXfnehW7TJzTgifzNi,user0000880598648
1NpgdK9f22Dtm9i2bTKKcPGxhD9hodayy8,user0000000265468
18udwvgDEcvQ39nvsGb8XQtfiH763ZkndT,user0000637871035
167bkdi84K9kHFEV1o4EWfwvJJLLZa3bpu,user0000671089710
3FMbEHdUhdU5qCEdVzGEPVUWXASFkHuUtB,user0001436073447
1NobwVLTHcV5Qo82m1K4BQ3uux7eMHLD2m,user0001600745644
1E1yZD8kygJVNeZ6dW1KikSgz9bELckLcW,user0001220250943
1vnspy9mAHEQaoTGr5SeY5uc3CnKeGQ4H,user0000214265578
18WyCw5S6j6A2wfYetyoZwgDqaqDEpR578,user0000000265468
1GYHVBLdYPmPv1DJsgoXkAHpRtKX25ukX6,user0001496434059
37Y7ymrK9fCXhB9j1U57K6hY7AjoTFEvVV,user0000000265468
18xRz1SGhJkm7v9H2gCjtguZSFSRLNhq7P,user0000936479550
1NyTFZ6ugk65QMBZcjMBNK1u84VY5fXnQB,user0001142626238
16EcgUikMZwkkara579QK3CPvFZp7hqckv,user0000718319463
1PLXRk9HutpwCSVpQp8FypgZH9bGv8kQ8Q,user0001325648182
19jb4tLS8ppWAq5cLB4bWRFutgkGwUEwk9,user0000933615492
1Mquc3pgMTRxQYmrUU4RatcczVP38G9R1p,user0000604709656
18ACeSaYre7Xpgz2H4AYAeY2RByWbNnBEp,user0000728432424
1L9uqHpQQHChjMyygb5HJzVNZiSAHRp9j1,user0000654813578
1JFh6XBVRmfvTgppjfyPGyCVSfaFDUcfYd,user0001416248028
1CCdFS1zWgrC1P1BRBxiHL7bdHTcKM7sk3,user0000885412499
14hLvgKq66rqqtqcoXsDWEQC4TyBmMAyfm,user0000000265468
1PPBChWFQAQM9GVL6zSsCAyDja77BhcNZP,user0000316890341
15yfGqxpTG6hEY5grPXbJy8Bg146zwP1WR,user0000718326075
1JjcHGvohRefGhGG5AcURbvR3soziQVkk1,user0001188488587
1CqdQND56jcqjUUbf5aMtFu9zYezyRLcAn,user0001190604725
19ce5i5JViE2fUP9CGDWA5y17K7kwpJ1US,user0000252873130
1Q9GQkKwf736qbb7CFWKYFSYSn2BpNK613,user0000917899607
16o8R7TdxKwiqhsvRJiA7UR7e41JZmU1iU,user0001524327971
1MbJ4zzkG3du3MwJUHGU9yHhMgqEPdVTRq,user0000893078396
19riGqEEGopqfiJbTkomRFhPKkhf8uKmaC,user0001087361844
1BKdi2c9M2jp32XLcBTpkT8JzAF4bayV1f,user0000384946990
1A4aR2iT3d67sSJVatNXFEBSN9zjGyMKgG,user0001465589195
17adZmZYivijLP4czd71qvqD8Tcq3KK5KZ,user0001503949850
33S7QtSXmtTr2kLR5nRef5Zck8x7oRzD2R,user0000935026645
3A66L5rzYDfu5yDnUgEQAVkdUDZrSUBway,user0000000265468
1BpHcLT4UHWDjH3Z7RTcqG5T4RvcXnqGPE,user0000824000427
19KjmRNkWL6EB61kETQqEjorHVfTb4EMZw,user0000031353769
1Cuv8X7TAdmw87BveMqfch6PKjhzJXuvDC,user0001253637542
1GiLmyNtkKZM9U78DZaWdKY7ydM4BXuyJ8,user0000000265468
16UjEsqjUNetQRw7WxnEGc9W9u8Prxy3Cc,user0000782664686
1MEnsreJb9g4qmUXBQo5xofaNgT935ekpi,user0000100666197
3NYRJ9aaqphnxosQhZXokqtKsrSPiptvSf,user0001576694705
1P4nLAmAmhwCP5GFboQp6vW9yi2eEBgDnF,user0000073324943
1PELRMdZhz6Jvh2saCVaSLfQLazC6Gywta,user0000226118394
18Y4KxE9yKafLccXosx7dvvdZ9uH8nmjZc,user0001279557760
1EP4DMae7SXTzgfx4J9jCvfL5dd4UuFX7Q,user0001056650242
1De2MZR2pHUhxy4a4Cc4qHozEyPj7KXeqn,user0001530153006
14VPd2gYDsgoZKeDJTHkGku7PQ4VWzrD9u,user0000883055538
38DMxpg5GaRp6cs5Gwnim7Pdo7Uwpwkcs2,user0000000265468
1KdzRD5LAMQ9REsqXFBbidD83cxbMxhQKU,user0001054788190
1KE9PHTTsvpe99jxjozuVeZSrgX8KtXJSR,user0000259140927
14MjSyFoNS9KqGgBkdADPnx3RwrfpV7GWN,user0001363760124
32dgdDFq82a6sn81dZYZZjBcR5u1DP7oKv,user0001574493752
17zB3ULtvbHreResuNkV7vePJHrxDkpDHH,user0000000265468
1J6yGCnRJwKFTtYFQ5FhDMA5STtK2BDQ6G,user0000190991238
1N6zSusnNFYXTSHB1GU5pJBgVXPjR3VZHt,user0000941498720
32rhUqEYRsccbVFDNxmh38dwUF2JjENSnj,user0001603483453
1fsjvicq58RhgY6Qvn1sFuxezu1yzLAE9,user0001266435299
1JEAqUSZkKbRkbuLdRMaHVE8jBdwarTgAP,user0001127647054
14oEAhgkXSxmD6Zxw2szWYhTJF5qS16WKj,user0001465976372
1Pa48m1eDvwPJ7BsoXvZZy1vTEaeb1ZDYM,user0000966440879
17WjDgYHCSeUWaVhLFjUvjWFmDoy8xtbWU,user0001331962494
1DSksG4uVDw9SLuoqFk8HFqBJEYzxsH1Py,user0000801831146
3CDCTW3y4pDriPyUv1e5XmisTiAwYgVwJA,user0001052272466
15hgS4RiW5WNZvXhkbbduQHtTMb5RMqpaN,user0000722959490
3DAXHXfxpVmfHES349FniVVqpoXjYpY9jT,user0000000265468
15EPj1CJqrZFjLB3kXgRPrw5uWVwM7MR2p,user0000758382779
1MskXgmtr1FxH7HEXUQR838oStFJ7FNmCT,user0001205939114
1K6qDBqb7rYdnE1So1rTVxiXn5FJjdkwPx,user0000980203828
1LxJYDF9DjotjSh2ki2QuVBZ9T1ke6tkox,user0000100541672
1C4kQ5LNvC6RjAp6MyfzjRMtZitYPtM7VL,user0001504041350
172exUoBHdnYAkEVEbnn3PCHCLE5BmgnpH,user0000269086582
1KpcCobGN4mskTqSQx27U38oZzaj7y93nC,user0000912764184
1BVsPL8Pk7KiahaRthEZqJrmLhFZrU9R3u,user0001104901230
127ztNSgUJneKJpQKX99TkQBmfNwapRsmu,user0000156274603
1FvzrBPFDmrpFPaKoVMhqBM7uP5t4skCdV,user0000703622598
1KqmM3w3dqGVwD7A9HrcxKFPgz2Qx6Q46R,user0000095654278
1Cj34K4GiPKNDRifyMHC4F4TUrqeXymCXp,user0000241171105
bc1qwgphv9dedh38c82ue5t4ccgrmru9sg0khqfw7a,user0001636360102
34Rz842aZdiV6LzDs91uVQqiJkgxyBbfjQ,user0001617822384
17kFdDhbMBbyuLAKLZQYcD8oW1ZwHdWeKx,user0000436423030
1GpNDHDUPuYrTeDjSTMPNchUZmokf9w2J3,user0000879973852
1AAQBc2PDDhVLWoQ4oRfuSzmVJ6rLHbTkT,user0000630077324
1AiZjA7diaDPVFWQDVae1h6d1CsYb7Nedm,user0000000265468
3JAaAhw3Eij84eoZiYpTSqAqDNwwJ393RS,user0000754655635
3JJpn45FwuCCcKDD535VFcxPgmFKkUSQyJ,user0001051502253
16odD2c3FdN7iCLreuW8t4Wj9YCCni2kZZ,user0001538837037
1Bv7it9iB9spAcBuoWgsWeLsFFy2ouA9KL,user0000448914919
1HPTBboskepooiHF3k2KVMHhGJh2mXnzMu,user0000870768073
1HkNk9tu512JHBTmp6s53pXzfD1bFpJdYU,user0001343552782
1HNhi5VRWXUcsiWLoggXDUKzaf1Ehq86JP,user0000616501096
1Pkw6AAtpffUN77w3qr5ZP8e1fussDdYDB,user0001175880243
18WU7cR5LeWTDNiCZpCjX2inY2vg7joq1q,user0001001799275
1LHKJsHeyr5EZQ5kv1PqdywZdxwZMASwp5,user0000456025277
1JTGqtxqXmuCSS8kVtpijCu2SFGZzSfvuh,user0000428517932
1CKRKfzLW7hRNhFur2jf2H2a2bW8gYorW5,user0000427082145
1PP8BYRfzeS5j2Nt62sjto7XGxj4Bmf1NN,user0001337563145
1JT6tPXyNUT4LEdGDq9r5iPyAFbc8H6Dgp,user0000000265468
1JeN8SptyREK4QKqcztccCt3CBVTqHivEB,user0000915368780
18qvfc4VzRDaU7SFSDGUkb1o7BDjGN7rjb,user0001605529256
1Fnresj1jg4bkc4moXBZvjpt2eaAKgGCgu,user0000000265468
1KYQirds77XBcwctKUa911CMYLdbsyhazb,user0001378329842
1Gpgqw56jTS1F9Zoxcxmz2YkBHcdBht6LY,user0000999915975
1AFZeojq83BwDpA1P2vPJPKh6WmFDX9jJ3,user0000621969033
1kh9EJG91hKZMjRDFw3C5mTAf8Jq8EgPG,user0000650286351
1LYgNB2YFNS3qv4DtGrSTh31YyxwBUUDLm,user0000581726257
1tgEzxZCF7FXD6NGAvkZPJTiLGV3z7hZP,user0001046128812
1CMfiGZn2u4giLxBCM9FvGEnCr6H68qhaL,user0000728643051
13fiqMwDGjSkHkbiZF6EnwAU2rT53a82iE,user0000624370929
1DwWcAFXo17z8nPqJPX1cPP7oknDHYeDqr,user0000412368940
15czMuxHbQjpVKE92u5AYQW4dxhVpkV1MS,user0001022707845
1PfiYSWj7eApoce7oMj4e1Q7A3KbeGRKwz,user0000691731491
13W3BjZqmFHkW4kWr1zzjQtGHtQMTcymyb,user0001636161461
15p2gR91cGzR67dk4L229jydLVqXRPMBmM,user0001075955760
36K3FzYGbtDTZChHJf3fCFAK3fVDsBTFSB,user0000224190242
18xUfnKaeGQUEk5jFaWNkg4GjKAnaeGye3,user0000478852247
16BjKF5Rn4L7MgcueUtXmCXhGLDnDfyGLh,user0001157159089
3Htxp7Dfvejvj35YUuWSQv7tkmuzsfhHsP,user0001203130968
13eg4ySrwRnVm3CNmHeti9rrjJ9kCAedyC,user0000518875817
1KubVa1enrp5rctD7eJtceL2xSEqonmzzd,user0001381479666
1QBLwAzFYTS3ErrD5gBgT33Yw5YwVgnm2x,user0000331731834
16uiHkPK2z9KbzmL8HhryVyGkFyn5Rcy9U,user0001252608812
12VwRPJ5cckshMA5XXzFrD9uYkkwwFQH42,user0000061694694
17mCJLp5iLdTnLzqa2YTcLuqQMS5FgmQeH,user0001176505485
12iCgqK4fPCWAe7UyJMrLmc4mx3si2eYn8,user0000822991526
1NiwYJPz2U1jwkQGehBqPXLobXVH2XNsxP,user0000894641119
19FB4UovuA7GkL4N8Wtfe5jpKZUNb2d56x,user0001339415702
13uTXgNqBCVcs5SnjxTeKCCPPiaNURrqfB,user0000672308561
1HrL8WYn2hMAZFKULKCTvJJHMTgaGq6sum,user0001451783055
1NqxaykzBXbMJiNRcDLBX5tK656hPNmEZV,user0000476090269
3HXH6u8pYYTP1bNdLzLtDEF4fE7XXYM3DS,user0000000265468
13kuQDwCXzMXYbmdiwaydopsRK2ft7ixcS,user0001046726800
17zQvQvvEJEbXfzZuqcBhB6TUtw11c4HMA,user0001242196547
196JSS9EtxHZwsEYFd67pkjAfTRUq4ryN8,user0000000265468
1M2W5fBWuGBcKHWg3Tx2eAfJKEriicqXfU,user0001376761194
12tn7PzZzwQemeRLNXsbinZsd2NJSTJcvF,user0001405493267
17hFiPbNa6Sh1J1axtBgnHrnDjMHKGevwt,user0001130929952
19jh927Qm4eFxP4DYcfwigiMvzaSdUVYbf,user0001329416678
1EhPQkyughzjESRbc6Y7GbnMa2TWzg4dbC,user0001365048672
32U4zS2qJmxP7kKefnVTRsHgt9XBLhU9Up,user0000877524973
1FFB3vN7rPMmaBVUhcJ3ioQXLUnmVxAMfU,user0001139703919
13saVsKxLoty9NjjrVFF4pZxkPqSWzQKqE,user0000000265468
13V217J3Xd3Y4VLgTbn2jfJ8YaJX2zHeTW,user0000825154885
1M2Dds8YauS1k7HZq4n41tHb45a4ZCLdPN,user0000908482052
1AR1beBEwV2GLwPnj3JNuEvnaaddJ3kBn1,user0000000265468
1JutvmZrmphPeVnXnyBX6CF7xWzzKNiVQi,user0001178754039
373dAiLTmLuiCEWfueEDWB6J3JA1F9mJfS,user0000000265468
1A1EtZqWfVeRp9civsVhAJjPhCddFi7xyv,user0001096636260
1EKAtWYmVZ5c3PWks6rwWWpyZHJge2Jytj,user0000062700206
1L3zfvU7ZvzdFCFPDmySkGe6vuX5tc7vDL,user0000033045615
1HkVdDfcLi8PHBFnWiW1EjP28ZWkNhXBHt,user0000495816894
37X5eEQCcnpansz3pbpUNCxc7iZXq33rEV,user0001582277424
1XaCXFaMrT2n2GSW6RFpN6NT4qS1TXUqG,user0001536967530
18cJQYmSD3pkErReEF9TRX4Hi2xhLpRFJY,user0000003401589
38xW1nCL4mksxifNc6SSRhQWSSFde6rwCW,user0000000265468
19gubhL2d8P2yCZpJiyrQz7GzHuHUwPRM2,user0000495428863
1NbbMLtcVPsGcYTmDKVrB5d2taXe7DCYvE,user0000841312798
1JBNWE5wd2e2PKWD26SJUu69yNzqPaaGmm,user0000630891729
1B1EjwqgL7AWzwyEsGv6kuwznCJkuD2Luw,user0001370664343
1sDSv6Xm8hUYvD35ZHNrpWiDCjNnDx2Mp,user0001174644036
1FXCXcTsGz6ZkjY7boAMcHNGunUn6EFgRY,user0000958228743
36MdporXTujGbgzJuAfHW2gY2m15wnqt3Y,user0000908456268
17ZhXPDnq5CyWW5FBwvzN49UZw58oWb419,user0001249597307
18pJG6pwUCfiLCatv3y9YZWsMnB4dJyi6m,user0001630814464
1HgnTCfSkjxS6TEwJkLSVDAUAmAKqnvJXF,user0001498133989
3DJgX7o77BdHbECZxkGD85GxuMk4fR1vTL,user0000738582726
161oWyReGNbADG7j8ZjVfT4UWujSRPMcvN,user0001161232975
1AHJqhVesiYywijfFe8ekj8cu6RyZ3Rcnv,user0000997508679
1MPrrj6xDdaxdY3BktMEaZgETY7SahSw65,user0000516921302
1KKWjPvi3QRWC2p8GfS7SDpQfc74GH3MYn,user0000058133804
194jVubQVGhpsb34N531bHct3MytSXdwaf,user0000538964056
1Mr3suibScyU7wYjxk3KGgN3bf552ddiAQ,user0001180743752
1H3qdhtVQNJUkoVahSAZLnpeJPX2wKCxrL,user0001318189472
35uEaTeDvSmjhKbwKy7Wn78aLkzi9yECoJ,user0000852158598
17T7GmTdBnei4ZTduhMrd3HibMBn5NEVHc,user0001187665183
1F9gsmSbcCvpiRYrhShVNZSF541H6ZsLZj,user0001196604136
1Miz6VA1MZqqnGjyKuYwBUjZK6pa85bh2w,user0000000265468
1EesuM9bWKrY1MB2WQ4sRp5BcV9eCCWubg,user0000120392559
1MRFc9BjapWY8xwehB7U6kNXpoKkXvjowu,user0000023102108
1EC3b6HoaGwiZbJ1UmACo9Bd1j657oBcxX,user0000063216135
1M4wz1EgLqesJLnakEpsjNTm9rgqotR2BQ,user0001635051280
1ACH83gXsmbEiGqDEa1DecqiRx9JsFAvGC,user0000000265468
1L3CBGGtMf1if1eTWnGERXnJUsMfbfoKSo,user0000000265468
17DmoNfdML5upJ9Qj6s5Xzy1yTH4fg4ssw,user0001277083857
1CefGyp7TVThocNiCiwPXTYqZBSh1xRxz9,user0000809459575
3DQyKeKvZ16zZ7ZpcXjz7vU7HNN6dxJJbQ,user0000896810541
1DNnFQFfxK5SAijjzZmeKGgvsXjqvJfkVA,user0001548097907
1HySKLrUaWgrjoGci6V4jahcGMzcsRC9eB,user0000891352632
1HWjR2PqJAQFh5cxy1tdNWD6yG4KqxYWLe,user0000381114413
1ERbrWntSoAweTw9tZeM6aPXciCGHVUWXU,user0001415780817
1Nv81ByJpkY7vp3iPfGiuG9N442GaYCkcc,user0000000265468
3DHk2mN1DfQqxRzz7bR5dwQjVQhzQuTyEB,user0000776610924
19YXyAskmNMjRYB6YMpvGwGDAegFBTYTe9,user0001485017178
1Ax3deYMk1MaRCw1pSxAtz5ujbQgfU8EQZ,user0000078517640
17Qb3k99yYH86zodBi8fTk4ftTm1gcsjBj,user0001033471434
14rbNF48pR2LCzkZ7wC1j1dyeqSoKLrvXn,user0000092506592
14B3YZcAz27XntSBMNbt1cHoNZoyKxyt8V,user0001113963012
1FNV9WhFHAyoh5hhhEKwQfmHrizDrQs7dS,user0000000265468
3FnzpuZidW8HfCXsNDBcVTnbk9mxLd24Xb,user0000842197560
3DAs4RUXTVobKfvdB5hn3NgwNjwJJT4Bhw,user0001187379792
1Gr2qtyc6rrsRSHTjVmfLGEMD57tbTTgsP,user0001609974838
17vRzwSW6ZwP9zyD3AC5a89UZbXpeSq2hH,user0000350999480
3CEmqmDQvJ3WH5fmsPXz5cC9bQV66DBzj2,user0000000265468
15nEQwM1Yx9BJY4kPyvW56p65dxGB16neS,user0001597229689
32oVLM3UsDBjXBnxsvsjqD4gFLEiESeP5Q,user0001122139381
17Z2GXu1Mvhwk5jinLmuLcT5jL34DRFAGx,user0000656552732
1KjqejUgDnxfDp1Y5mkwa478aH4tAcK11G,user0000484568032
37xqy8fbVgitfivF8nTexxW6HBF8nrKLYp,user0001583518021
14AbrZW7SVgpugPCf7eRhyNqqpXqWa1eCX,user0000600870991
1CcAKbxAzqc82jZxZLCde3KUtdWSkCNBxV,user0000855386478
1JCA5ssrmzSnjeQh1nhVGaXn6HoNDeGFaG,user0001198660320
1J1PL5jkaKDJPUBcv7XSNCCdnaveBHeG5,user0000826250398
17ucP2wJivg5SgVb7tZBjgYmYyD9mdFFe9,user0000156054556
1LuWM4SM64RZMZKSpH4N6CgUgfZ5pzfgfC,user0001225203294
1Dz7LdLciWD9S4caAsdXhEeWk3Vqh3ADZM,user0000000265468
1PLMVFvfJ98x4zLjNe6Z4ByUZKesv2it5W,user0001066899848
1Lyq4voygrcZCVpwE2fMhYoHKz2NW3UUJV,user0001240806963
113q1ubNX57x8AviLCYXKVWoJdgnmgnZJ9,user0000030014870
1N9ny3N3RBAR1DbjM8Kfz5BeFu9kCSzxpS,user0000156081850
1LfBBU8keZrCHA58x4kLHj9EMUDkXzJoFU,user0000133748071
1KXawBENQjhfuZRzNg5UAbkdxTorNBVGoY,user0001400448391
3QrRk18m9Lneqngw3RwaYwCsi2DDAhKduC,user0001263717663
1MoUhbbGCjFT4afmDsq2cN48mEpcaXPFyZ,user0000739800309
1JoXSWEh6ZZUuQ5FWJRSrcSGmyBphCegvj,user0000000265468
1CvfctxdstyfjjaqVCYtGFYvesTtwxo5iq,user0000833197614
1KhxxqbzAG89g6Zw4TRz2aYDrCy6B87Utq,user0001164548782
123hKwJP2uDDjvq2WvZ4E3Mf18RM2qxaf9,user0000448235248
3Mmbg7euAea5kXx8qFX78PkrpGQ4k4PpSV,user0000995591891
1DEpx3pSETpVaph1gTeEftrzdHnG5iLWTg,user0000708617043
1JgsD6jLrDFPkwPgunEn6u7EeqYbfcEJt9,user0000000265468
1PdkhKEx3SwU3wCLSyBh2hGnBtWoC7H8t6,user0000850925728
1CDGHhV3TU1iLzCotdBpFCTv496AKvGQk6,user0001143994158
1KukeFFcyfr8EoZyug5NoHZUDBYCMfRmmn,user0001028189547
1N8WpVhAjXv2tgrH1EP7ueMUCf5ZFeL8fi,user0001250429341
19E8mVEXQyynnLnSgebQpwyjeXqN52AagZ,user0000638156939
17AUvxaRPZsRJhBWySHnnpsmyUoN94ymiA,user0000813019736
14P16GwZHV6MWstbPnws2CmvCPYNbCV1DP,user0001399731313
1PnGWykvoRpbz3oW8Rh13xetEx2n8mc3Gb,user0000679966054
13D5tfMMETKvkHdYnFC8jS8VHiFqCh1qHP,user0000127229685
16J3BGjvVjEeKxseGLRBk9BhTobYpYzB2P,user0001111402767
1AXwtz16JSKsnKp6aUicoWihNQvTXXm9NX,user0000285323509
1B2zdfiQgHA52hAVsKLHEtBufHGzqNC16r,user0001004561693
17VeDnMpxHqeNPc7n3CubCanpA19UAosb1,user0000560160545
19BYwxcBYRy3eddFiyHKDPdd7PyB4R6roY,user0001444081612
1K2NT4a9WNwfKMt7sW5GFUwfxiFjR7S8GG,user0000033946626
1KBhVE6YkPxHSwgsJ2Hr5tL9b6TPD8sx3z,user0000000265468
199kpzDQCRdDUuiWx6LQRyUGUwjiGkzs12,user0001548832786
1L8TDM7kQ4VchqraU2MBnJgfiGKq79UrhF,user0001182446058
17GyVJ2rknvYYjwrLXGqCSzHYZayGgS2eM,user0000894517224
1Fren3E7LBsj6uuJ8ABHz6kaRy7As7ydMg,user0000485406552
13AHQMZcF4d7aTDjuHB2HY6Ld6Yk25Pgy5,user0000972925930
14HxFkEr3BRsAcJsE68uZe8qBPz9CTrgyy,user0000961627674
165vjgumSsnedTfArFEkuVPJGmSodhPy6q,user0000292436817
3FXZrjCjHAuCgL9AGZQbc6UYA9xh62h7PN,user0001614164187
1MkdorZjbgo4HiA1CtSozyWy3xDp6bVyNk,user0000023637149
1CmXTsBAkKaEAbebMy7ZtBy7uXfq9LHVys,user0000937623188
14iFEyKwzi47BeGpcB8k3JNLiZkEXtAkeL,user0001123515651
1EeKo6LmcRHVy4cMqgjqLC9fqKmhfvhvLX,user0000311395938
193diPAuaz7e6oPRfhwgxZQgcCJWLwGgDK,user0000000265468
1DhZTaWyFbfriT8vDAi6Htid3LtjHWdPpv,user0000553023891
13GozJ4FV6cQfWYyTgL9HfQgBJ3oMfo9Lp,user0000381524714
1FPvPDUQxbxcMSPstqHELpZ797gkdq1wK1,user0001238513181
16ZhT3iRBRbkfmGJ3gBvfw9h1NJJguy7P,user0001042731037
18Tjfunu7iTp3gKKSpc2McKeDitRtggxPB,user0000348150881
1KW56BK8x8zoStb4qtxJXof98rkhokayeM,user0000872199664
1JFwVNqR3d3nAyT777rs1JvK1nGoRaZsig,user0001254664317
16j1xQYm4VFtuLyJaMSpmtPDVyX6KNhShh,user0001088648431
1tZpGkvtKdiiGHAzE3hvxAsyJrELvkcS6,user0001084383977
1LaALQm957dngMcNQoAWBmugtV7uCUTBaM,user0000647686614
17qcmiBXKNP7V4nnwuJ1b6obEFskLj5myF,user0001083724873
1NZT1kfEaE5kXiZEAj8FT9Qd5nExFk42mw,user0000909772753
1H8VUUEPUzfTfj7v4mznzufeGFCsRq2MNB,user0001357566675
32uY5pxXafPZEuf3uSKn6zEaDXGrCRNxKv,user0000000265468
1AtqsnCRY1GXp7sg9bWUzqW4edhD2oxxty,user0001377536685
1L57seqgcWqNYjnximzAEQCnaQNAK2FGYb,user0000829715783
1AoTU2KiHFsz3J3iYm57Guv1LTVGDpaAc2,user0000890850882
1MCP7ibw4Lv9Nkrn9h1SiQdUNEXwrwAXSg,user0000501979850
1DtMsX5Ftz877oCze851daaaJndohUmiUy,user0000417831810
1DHGf6RPMnQTvhYhiKvCqmQu5gr4gakRM2,user0001088058330
1Bd84QJc731N8iHcxxyUekqhRoARdToZB4,user0000000265468
35ixNkKSfQD5gfnS2PW9SftgmEQ7euVfSC,user0000872272405
1HKVii89qhaqKuWMtNZ75LHWaQFRZN2oNA,user0001171678118
14zjgLRLc4PShM4XWqAY6qVv8rb5NLYbxB,user0000951848135
1KxR15Nxv1H53dPi4LuqrvdKKyGgLzKdWU,user0000252023924
39TPitNac3oRX8ozRHmfLnfa72NhuQmDza,user0000000265468
1HKZUPGfoy7QRU1R2SmVGk7kXKf4akDizY,user0000353623484
1L7G2bjMYsnq7Tre4e4FcFWf1m4jW6GDpV,user0001078335387
1boH3f3t6LwhmoqfBACqr8bi6mKGBkgZS,user0000098669737
1HAhFKoDRP2WwRUhvXkutB77LUqTrDwRYM,user0001498994138
1C5Bzu8QtFnkeTT7gbqPGYjUGZMZqwr9WY,user0000435393397
13YwQwCJ5ppZAB13Vti86WwBBZveWruM7b,user0001343743397
14xrnzmvcTvNxyE64ugr4p5qKfSuUMxzMa,user0001291884169
12TfNo8n4w8v668pHaq6u4K8R2DRTwza4d,user0000467083618
1C87Rx9BjHP1nBznKGdvMB9LYDusvgmtHy,user0000805019739
1JvatRSADb1zq9ETGRUwAEfXb4XSiSohzN,user0001277281172
15G5RNtjA7kexQy54wwqtscyHHn4VyiZVo,user0000000265468
3FRRCSNNkw7cGtx1S1FFyWjxaXxG7oMYoY,user0000969431948
1FuJmUw1VNqHQoCW5n78oFJz24aJLkXSzy,user0001062574668
146neDbotVP2TkDN1G3k5Ebf6xgRRwt89H,user0000904087327
1MEoYiuNzyGuHbUa5xZLgkAy2AAmpoAw12,user0000000265468
3MRisuX7H4GXWu7vcxySNdYxLusXVHbpuS,user0001305897031
1KsBgBiEk2pEMAv8qoD2QwMY8bYfwiiWBG,user0000848529641
1CgAWMrd8tXvAX4wpiig83PX47oEMpznXT,user0001277873209
1G3gnn2LpvDBpLDZsMGqvquxGERtdTqQUo,user0000072349469
1FfPDd9RSp6bAo4LU14fXhXF5S8h1wLDPs,user0001062720893
1AJTJsFRxeTf9eJZhsdJr9WVL7S3pytfEj,user0000337695066
1HcsFArf8rs5Gwgv68jKKbAqU6ZrsW6GX,user0001004049921
12NEcZSQ51bgkHKhDcfyVM1GUqMhpJjjax,user0001049581356
1LywuqXFnkEk5EXruXMFVswFDgCyhP3AA,user0001120364383
14ZbdymWDsBagUMEWdsT7b3JftogFcv1Dr,user0001018037093
1BeAaUjmGSq2BHcUhQw9iyqY1e9Nz3WeS6,user0000659999060
1JdBJC67WfRAMEmFUoN15qJEbcmCeopj5X,user0000774787065
3Gm9Ety3meAZMzHgs3QmzG2PSv6cQtZk56,user0001531309277
1bQy5PTzLubpVGmAcWHQx4SWdywsnmVsj,user0001416695127
18oF3F7dUzgDffxFqtEfMCf2a3vJBQRTuh,user0000881189300
1MpUqhJJ7AvmiUMAfBJkvXDd8nPzuLzcWs,user0000733257276
3FHX5vREpaeCftDas1wYR5dp2V65u9j9Cp,user0001178337325
1GzkS5EgjEsy8eeRMzJj6xzCTxXGNgRPKK,user0000000265468
1QKQkY1E9PP7M8SAZUr5yHSgfWPBbbfMWB,user0001572296262
1LuWXNxrT8aeoLvv8RjpbWN262ooGdMhPr,user0000456546336
19WS8ZiK6B7WDqiBPWNCT5USYDn6PLJQ9,user0000210956925
3QDjfcmSgavFzp7Sz5iTKoZ17E6jU8KQU4,user0000000265468
1V1ckXtPNKZYjdb8dd5uUqaM2pEPA5roV,user0000694122957
16MxJZPioDg4kKriqrhfxZmk7jvQQCSHt7,user0000984474577
31nHrhaXnsq4Zc1VwztHHehhnKBUZuHRz3,user0000000265468
12kcH9bMKzJJRDxbJXauE7pnrZYQGxrLjh,user0000752126792
1MuuDTNNjqbaK7CaKaMncW8hJ99f7WagN5,user0001058404826
1Gu8HXoFaEZM7bKZjBjCFe1hJLh7YVKYuj,user0000615572289
17RhD8uiun2oZSoVQ4LsT6aZRtHFqNeuPX,user0001493992823
1KhDy1HjEionxy9Cr3cg6vW1iZX82W6wBk,user0001536749941
1CBDs4vQ7azzZoMTq67sard77yP8NvGHBc,user0000654498240
13Xzcu3MCXXZMbB1Nz4YWbEzbCx43Y1SgN,user0000586204854
15wjJVWwvx7Py1Ca1cGTPYWoYVckVvqQet,user0000504469131
1BormtqCzwFmPUegpRVbKwbDAceFFAwQMS,user0001552919439
19xdqwTsRYAJydQ4Pns6kK8rW3B6eUX5DC,user0001437437530
15CiB338821BgGQXhjpWxdbWpGNhGJTBd7,user0001357166071
1HT2UDmt58bK2grZoDgjphrDte6LPib5Wi,user0001569936753
1LWzRMFkL6VgVKoc4L43MQaHB7Np9oneJd,user0000757971825
1G6gXwJ7ViFf6uXgapJWrKoinzy1PGGZbQ,user0001511102246
17rFMvujjJTxN4joCfGWPnuDiBCy5gAYYY,user0000641312403
3A5KkxybZ1o3TCNGX71PnUhT3nrMVV1fv8,user0001175889486
17bwgRxfpAZSC48N5UbgBDFkANEhrHLLBz,user0000247737568
15YB8Aacq1XQNfvTZHCWsiSWt2NZYUoDD8,user0000823289009
17V6F2XcPNoLfK2eQVQRK8ANjyyGksCaZS,user0001015300670
1KDf3TaBTNc7P956QLW158zR8ii4xiRGjw,user0000845509093
1C4uRAMqDNNWz7cWZwZJkT4kCQEnjhKZjd,user0001510415006
1MJxAKkURk4usK8mBCTxHgrnMPBRffvPeR,user0000929625584
3M9Ede7xbTybX3ejdKrGDFXovjHZugQ32v,user0001306344981
16G7NaXFLetZbnLYMA32xa7JQGFjBGgHH8,user0000028562382
18kffZ32bnpxHEq8nTp1GsicP3B4ncddAr,user0000429575840
3QTfYSXTprx6XNdCfZCtvmXMNS4TS954eQ,user0001525987571
1ERnEfDp5HQvo8KQ1dH5CuQqy1hNWEzaVt,user0000031495512
1Guo3boRGnbAfcaDXyEymNevrCPCJEdGhk,user0001173089904
15sgFiTySUGu7Xzkbxh8pCejZWZR3MgYVB,user0001400081984
13y8t6AsJknfZM2sFURVTwpprGuMNtAnQX,user0000075452819
1PXSZRqidd5u3mo8scSHmtWmDZvmstP5eG,user0000922045255
1LFTicbgCJqZkYBicJyXcU3vM8c9nwXrQv,user0000871726650
13HB8j9438uEWMLBD94GsYiQ3S8129qto4,user0000929551829
13jnAiPSHkbP58j1Ft4S75Md2mpdjN32Ze,user0000918980131
1GmJVShCJRPoG4qLBys7cRcFh4k1G7jN3H,user0000773442140
16vuRUrM62HDVJnNXvVC7c7uNL5HuR2Lp9,user0000012925462
1PjrTwoZ5hRvYWeVYW6RkjE934XhhepypD,user0000844741890
19HfWb58r3o2p2Wsg3D9nAAox5HeX444fS,user0000068192594
1EmM2xNkKsDZhJbi4NYdsbqPSKkQj5kdR2,user0000608606653
152YijWoup8wVUbGY1nM5bgEVgmuFTFVdn,user0001633600355
38XpudkL1M1jM2DhQHZ9EfgAv9ngAUoBGh,user0001289425026
12G5KXuB9qmpZzmWxojVD7W6kaF9ez7Nd8,user0001411891445
1JREVksnfEMNjSdFFSYjjGLeiTJpFAqTE9,user0000928401019
1MkqwheSMfbJ6ABdXB9ELFeXUGpeq5Egco,user0000726013724
12znnF95LK43WfyozJ5MGv3GGL8Qja7Fub,user0000000265468
1JAVED5ZyfYgfrSr2W6F4EAsNJLjsTU8tn,user0000949292591
166KpJNGpjk3VmuX13mJyx7B6XMKN1zaBe,user0001450703940
1LLHWTF9Nns1dWG1WPQxhiDQDnMaQonqdT,user0000062511697
1J2fiyCgdhUXUPMB2syprD6PUQm6Gd4Nw3,user0000443098642
1LZoUCQKrjRAEfBVzMwZAifmCPuJJRjuMQ,user0001017881818
1GrwWc4D6PGTFfwXEhtt3Q98h9dJdfrv5w,user0001299201645
1D1v1Uy28WnGn6N6APM5TBaC9v8foxw6mn,user0001518382457
1Dre8iAat3rwJiENkoWoaj5RoxN9ESxJA1,user0001321590595
1HLtx9FmYwMAae5jLyZzKvjmTA3J5b7HX,user0000000265468
1AykZLiygW1bXxh5UVTsFtGaKiv89s1CT4,user0001121829047
1WALLP6qXud5RHZaSDAmcbTeeyNAS3Nqp,user0000026910009
1P5CZATFrcdjoyp8VkKj1jKcEcVeDPmPFg,user0000842911366
19hrxd2osGhBDeFNuA26TUALD5qtfoqBD8,user0000080850898
32WU2zYTad9U1KG9u22PQYtGJNQ2Tvk2fv,user0001043516931
1PhbaYDrmL8FzmSQJTb6ZF225XBjEyyan7,user0001265074576
19TAwWkeDLxGFP9CwM9x6MJ2pXNHKn8rZL,user0001290248116
1J9BbD23PDj3USJsNWqXmxehbC1WiZ3f3N,user0000000265468
1Ez3MG9UZ5neV7nwEn4bHpnzLhYFrfCcF1,user0000789682719
16vn8s7v55ybCFYtD5DubCJgosghxcva4Z,user0000016814675
